A_0,A_1,A_2,R_0,R_1,R_2,R_3,R_4,R_5,R_6,R_7,Class,Fitness,Accuracy,Numerosity,Avg Match Set Size,TimeStamp GA,Iteration Initialized,Specificity,Deletion Probability,Correct Count,Match Count
1.0,#,1.0,1.0,#,#,0.0,1.0,#,0.0,1.0,1.0,0.14082878195139625,0.6756756756756757,1,54.69524178469909,4637,0,0.6363636363636364,0.0006725404169359686,25,37
1.0,#,#,#,#,0.0,#,#,#,1.0,1.0,1.0,0.16673541173519024,0.6988847583643123,1,64.64374273718683,4974,24,0.36363636363636365,0.0007948685895549205,188,269
1.0,0.0,#,1.0,1.0,0.0,#,#,0.0,#,#,0.0,0.38605762138600824,0.8266666666666667,1,65.01841983467877,4940,27,0.5454545454545454,0.0007994756720568226,62,75
#,0.0,0.0,#,0.0,0.0,1.0,1.0,#,0.0,#,1.0,0.3882095537407485,0.8275862068965517,1,64.17321706051474,4606,44,0.6363636363636364,0.0007890829393878773,24,29
#,0.0,0.0,#,1.0,0.0,#,1.0,#,0.0,1.0,1.0,0.28462802079628785,0.7777777777777778,1,80.13275583113099,4802,60,0.6363636363636364,0.000985323681885128,28,36
1.0,#,1.0,0.0,#,#,#,1.0,#,#,0.0,0.0,0.19512597488621103,0.7212121212121212,1,70.0642103071809,4998,113,0.45454545454545453,0.0008770869855366793,119,165
#,#,#,#,1.0,1.0,#,1.0,#,1.0,#,1.0,0.26398541348179905,0.7661538461538462,1,71.03948274354168,4980,118,0.36363636363636365,0.0008735115118665148,249,325
#,1.0,1.0,#,#,#,1.0,#,#,#,1.0,1.0,1.0,1.0,15,80.85874848034095,4975,130,0.36363636363636365,0.014913758850345387,293,293
#,1.0,#,0.0,1.0,1.0,#,#,1.0,1.0,#,1.0,0.2555505776547269,0.7611940298507462,2,75.10446072861507,4881,136,0.5454545454545454,0.0018469901104378763,51,67
#,0.0,0.0,#,1.0,0.0,#,1.0,#,0.0,#,1.0,0.2935778904262872,0.782608695652174,2,84.59292775865094,4923,173,0.5454545454545454,0.0020803331715247256,54,69
1.0,#,#,1.0,#,1.0,#,1.0,#,#,#,1.0,0.09797294566627217,0.6283783783783784,1,74.52259139615522,4997,175,0.36363636363636365,0.0009163403077366028,186,296
#,#,0.0,#,1.0,1.0,1.0,1.0,#,#,#,1.0,0.23221250186065348,0.7467532467532467,1,84.04653913484965,4953,180,0.45454545454545453,0.0010334481140842069,115,154
1.0,#,#,0.0,#,#,#,#,#,#,0.0,0.0,0.09474574255091164,0.6241830065359477,1,63.62060745130877,4998,189,0.2727272727272727,0.0007780476722012377,382,612
#,0.0,#,0.0,#,#,#,#,#,#,#,0.0,0.11492995145846525,0.6487638533674339,1,74.07406989229618,4984,219,0.18181818181818182,0.0009108252239858533,761,1173
0.0,#,#,#,1.0,1.0,#,#,0.0,#,#,1.0,0.1781433270382272,0.7081967213114754,1,59.16128095135282,4962,255,0.36363636363636365,0.000727455465214152,216,305
#,#,0.0,#,#,#,#,1.0,0.0,1.0,0.0,1.0,0.24012300134298675,0.75177304964539,1,66.63966556751987,4822,267,0.45454545454545453,0.0008194107385368769,106,141
#,0.0,#,0.0,#,1.0,#,#,#,#,#,0.0,0.10979242280002384,0.6428571428571429,1,66.36775120188888,4954,277,0.2727272727272727,0.000816067241097882,378,588
#,#,0.0,#,1.0,#,1.0,1.0,#,#,#,1.0,0.11678741980238662,0.6508474576271186,1,82.31513547322368,4953,281,0.36363636363636365,0.0010121585301555343,192,295
#,#,0.0,#,1.0,#,#,1.0,#,#,0.0,1.0,0.11678741980238662,0.6508474576271186,1,77.46150851164823,4980,281,0.36363636363636365,0.0009524776476166298,192,295
1.0,#,#,#,#,#,#,#,1.0,#,#,1.0,0.09519994409568619,0.624780316344464,2,60.81567148884068,4997,282,0.18181818181818182,0.018735051542138444,711,1138
#,0.0,#,0.0,#,#,#,#,0.0,#,#,0.0,0.27429477998182417,0.7720465890183028,1,75.41994564253791,4971,296,0.2727272727272727,0.0009273743022726742,464,601
0.0,1.0,#,#,#,1.0,#,#,#,#,#,1.0,0.2575412249143059,0.7623762376237624,4,72.44599322650365,4980,312,0.2727272727272727,0.003563224653558311,462,606
0.0,0.0,#,#,1.0,1.0,0.0,0.0,#,#,#,1.0,0.2949395666152263,0.7833333333333333,1,57.65472641269635,4961,319,0.5454545454545454,0.0007089306578542503,47,60
0.0,#,0.0,1.0,#,#,#,0.0,#,#,#,1.0,0.22532211069926403,0.7422680412371134,1,69.62248970993974,4942,319,0.36363636363636365,0.0008560879654204579,216,291
1.0,#,#,#,1.0,#,#,#,#,0.0,#,0.0,0.10892995713892305,0.6418439716312057,1,76.54206724326983,4935,350,0.2727272727272727,0.0009411720679390144,362,564
0.0,#,#,1.0,1.0,1.0,#,1.0,#,#,#,1.0,0.542431070318369,0.8848484848484849,2,79.64719380279355,4980,356,0.45454545454545453,0.0019587062852292085,146,165
#,#,1.0,0.0,0.0,#,#,#,#,#,#,0.0,0.11499861554508109,0.6488413547237076,1,70.36166944393392,4998,359,0.2727272727272727,0.0008816589849767946,364,561
1.0,#,#,#,#,1.0,#,#,0.0,#,#,0.0,0.11975490969461244,0.6541218637992832,1,71.4705835116453,4954,366,0.2727272727272727,0.0008788123877902945,365,558
#,#,#,#,#,0.0,#,#,#,#,#,0.0,0.06958407134464797,0.5868160275743214,1,65.79499028230468,4998,367,0.09090909090909091,0.0008452634584291776,1362,2321
1.0,1.0,#,#,#,#,#,#,#,0.0,0.0,0.0,1.0,1.0,6,72.63154859420057,4935,377,0.36363636363636365,0.005358526670367195,287,287
1.0,#,#,#,1.0,0.0,0.0,1.0,1.0,#,#,1.0,0.3047211266817917,0.7884615384615384,1,76.56646541038643,4923,378,0.5454545454545454,0.00094147207124734,41,52
#,#,0.0,1.0,#,#,#,1.0,#,#,#,1.0,0.258404413658952,0.7628865979381443,1,85.96397691721094,4980,390,0.2727272727272727,0.001057025199832803,444,582
1.0,0.0,#,#,#,#,1.0,#,0.0,#,#,0.0,0.2959754104788061,0.7838827838827839,2,80.57721668650045,4960,452,0.36363636363636365,0.001981577670657226,214,273
#,0.0,#,0.0,#,1.0,1.0,0.0,#,#,#,0.0,0.2684142345829782,0.7687074829931972,1,66.4614149929764,4921,464,0.45454545454545453,0.0008172189443001051,113,147
#,#,#,#,#,1.0,#,1.0,#,1.0,#,1.0,0.16501426337206934,0.6974358974358974,2,72.53228310459032,4997,465,0.2727272727272727,0.001783734391832427,408,585
0.0,0.0,0.0,0.0,#,#,#,#,#,#,#,0.0,1.0,1.0,12,66.3272010620601,4971,470,0.36363636363636365,0.009786823570225662,309,309
1.0,#,#,#,#,1.0,#,#,#,0.0,#,0.0,0.11370759571131073,0.6473779385171791,1,68.95691747064976,4954,496,0.2727272727272727,0.0008479039951753842,358,553
0.0,#,#,#,#,0.0,#,#,#,#,#,0.0,0.11360429832497125,0.6472602739726028,1,69.0842592729671,4984,505,0.18181818181818182,0.0008494698079596297,756,1168
0.0,1.0,#,#,#,1.0,#,#,0.0,#,1.0,1.0,0.2749477070367925,0.7724137931034483,2,67.43554033023142,4920,515,0.45454545454545453,0.0016583938540220013,112,145
0.0,0.0,#,0.0,0.0,#,#,#,#,#,#,0.0,1.0,1.0,9,72.70649513052251,4984,533,0.36363636363636365,0.008046083984300508,283,283
1.0,1.0,#,#,#,#,#,1.0,1.0,#,0.0,0.0,0.15359020233154297,0.6875,1,64.48117483728586,4919,538,0.45454545454545453,0.0007928696317002287,88,128
#,0.0,0.0,#,#,#,1.0,1.0,#,0.0,#,1.0,0.2072035368091696,0.7299270072992701,1,78.70445065584624,4959,559,0.45454545454545453,0.0009677610397474616,100,137
0.0,0.0,#,1.0,0.0,1.0,1.0,1.0,1.0,0.0,#,1.0,0.0003200000000000001,0.2,1,52.824576,3518,559,0.8181818181818182,0.0006495384462756738,2,10
1.0,#,#,0.0,0.0,#,#,1.0,#,1.0,#,1.0,0.16806999999999994,0.7,1,75.30854338984895,4908,570,0.45454545454545453,0.0009576933107599125,91,130
#,#,1.0,#,0.0,#,0.0,#,#,#,#,0.0,0.24710935412080362,0.7560975609756098,2,66.04605942000647,4994,579,0.2727272727272727,0.0016242233470383876,434,574
0.0,1.0,#,1.0,#,1.0,#,1.0,1.0,#,#,1.0,0.2693290743429045,0.7692307692307693,1,81.73807915914696,4980,591,0.5454545454545454,0.0010050629642269226,60,78
0.0,#,#,1.0,0.0,1.0,1.0,#,#,0.0,#,1.0,0.1404633727505595,0.6753246753246753,1,57.6104076479581,4920,607,0.5454545454545454,0.0007083857080644226,52,77
1.0,#,#,0.0,0.0,#,1.0,1.0,#,#,1.0,1.0,0.17927081284810403,0.7090909090909091,1,75.81868019186558,4854,618,0.5454545454545454,0.000932277198599693,39,55
0.0,#,#,1.0,#,1.0,#,#,1.0,#,#,1.0,0.22836528711039186,0.7442622950819672,1,79.47396101246656,4980,622,0.36363636363636365,0.0009772230477611598,227,305
1.0,1.0,#,#,#,#,#,#,0.0,#,0.0,0.0,0.26364723082896674,0.7659574468085106,1,63.38455767701056,4998,663,0.36363636363636365,0.0007744195455021852,216,282
1.0,1.0,0.0,#,#,#,#,#,#,0.0,#,0.0,1.0,1.0,13,74.53692757372671,4935,663,0.36363636363636365,0.011914715636207123,259,259
#,0.0,0.0,#,#,#,#,1.0,#,0.0,#,1.0,0.2029748742477302,0.7269230769230769,1,76.83009551600176,4959,686,0.36363636363636365,0.0009447137042552959,189,260
1.0,1.0,#,#,#,#,#,#,#,0.0,#,0.0,0.238823918690063,0.7509578544061303,2,71.3135138195232,4935,688,0.2727272727272727,0.0017537620733497942,392,522
#,#,#,#,0.0,1.0,#,1.0,1.0,1.0,#,1.0,0.10378168327911544,0.6356589147286822,1,71.13400964617583,4997,702,0.45454545454545453,0.0008746738280102019,82,129
#,1.0,1.0,0.0,#,#,#,#,#,#,1.0,1.0,0.22341489409232135,0.7410071942446043,1,74.62700638842864,4975,761,0.36363636363636365,0.0009176242092268706,206,278
#,0.0,#,#,1.0,1.0,#,1.0,1.0,#,#,1.0,0.4740314985715719,0.8613138686131386,2,87.9929596267511,4953,842,0.45454545454545453,0.002163947715516278,118,137
0.0,1.0,#,#,#,1.0,#,#,0.0,#,#,1.0,0.2745687824705988,0.7722007722007722,1,67.79239597228415,4962,898,0.36363636363636365,0.0008335848743801124,200,259
#,0.0,0.0,0.0,#,#,#,#,#,0.0,#,0.0,0.28699990784712964,0.7790697674418605,1,70.27121881813089,4954,928,0.36363636363636365,0.0008640648301469875,201,258
#,0.0,#,#,#,1.0,#,1.0,1.0,#,#,1.0,0.1662451530266032,0.6984732824427481,1,71.26427340417106,4997,936,0.36363636363636365,0.0008762755695740956,183,262
0.0,#,1.0,#,1.0,#,#,#,0.0,#,1.0,1.0,0.21848085858476907,0.7377049180327869,1,60.50631038195185,4949,1015,0.45454545454545453,0.0007439941370351307,90,122
1.0,0.0,#,0.0,#,#,#,#,0.0,#,#,0.0,0.2698837056918838,0.7695473251028807,1,79.53193604291735,4960,1028,0.36363636363636365,0.000977935916922699,187,243
1.0,1.0,#,#,#,#,#,#,#,1.0,1.0,1.0,1.0,1.0,15,68.479455312819,4974,1030,0.36363636363636365,0.012630495795846868,196,196
#,0.0,1.0,#,0.0,#,#,#,#,#,#,0.0,0.2862983684423571,0.7786885245901639,1,70.38776775640346,4994,1096,0.2727272727272727,0.0008654979323507922,380,488
0.0,#,1.0,#,#,#,1.0,#,#,#,1.0,1.0,0.2403865252435786,0.751937984496124,2,73.8448664761634,4975,1097,0.36363636363636365,0.0018160138128268846,194,258
#,#,0.0,#,0.0,#,0.0,0.0,#,0.0,1.0,0.0,0.20562798495676804,0.7288135593220338,1,66.32249856160657,4903,1103,0.5454545454545454,0.0008155108082424844,43,59
#,0.0,1.0,#,#,#,#,#,1.0,#,#,1.0,0.21150352431414018,0.7329317269076305,1,63.6142421816686,4997,1104,0.2727272727272727,0.000802542119319206,365,498
1.0,1.0,1.0,#,#,#,#,#,#,#,0.0,0.0,1.0,1.0,11,57.289433613501686,4998,1105,0.36363636363636365,0.007488100539916742,236,236
0.0,1.0,#,#,0.0,1.0,#,#,0.0,#,#,1.0,0.28462802079628785,0.7777777777777778,1,71.86501681656149,4920,1115,0.45454545454545453,0.0008836623954086168,98,126
0.0,#,0.0,#,1.0,1.0,#,0.0,#,#,#,1.0,0.21720617794361205,0.7368421052631579,1,76.06701007381876,4962,1119,0.45454545454545453,0.0009353306978968325,70,95
#,#,1.0,#,0.0,1.0,0.0,#,#,#,0.0,0.0,0.36131873917399904,0.8157894736842105,1,66.5583990788688,4924,1141,0.45454545454545453,0.0008184114743161343,93,114
0.0,#,#,1.0,#,#,1.0,0.0,#,#,#,1.0,0.240485670060032,0.752,1,74.12855943232196,4937,1148,0.36363636363636365,0.0009114952350649129,188,250
0.0,#,0.0,0.0,#,#,#,#,#,#,1.0,0.0,0.2278137396050989,0.7439024390243902,3,73.95345747803188,4976,1150,0.36363636363636365,0.0027280264701222555,183,246
#,#,#,#,#,0.0,#,#,0.0,#,#,0.0,0.13636419473247985,0.6713362068965517,1,69.41924781928863,4998,1157,0.18181818181818182,0.0008671737982474042,623,928
1.0,#,1.0,#,#,#,#,#,0.0,1.0,#,0.0,0.3581333910966601,0.8143459915611815,3,73.83356983608498,4998,1163,0.36363636363636365,0.0028050681206177597,193,237
#,#,0.0,1.0,#,1.0,#,#,0.0,#,#,1.0,0.23562644326641038,0.7489361702127659,1,63.80113931659439,4942,1178,0.36363636363636365,0.0007845078189045668,176,235
#,1.0,0.0,#,#,#,#,#,#,0.0,#,0.0,0.24986724368987112,0.7577777777777778,3,78.00383561586384,4976,1202,0.2727272727272727,0.0028774385348292013,341,450
#,#,1.0,#,0.0,#,#,1.0,0.0,#,#,0.0,0.2786234263135277,0.774468085106383,1,74.99641869119547,4998,1208,0.36363636363636365,0.0009528958990445861,182,235
0.0,1.0,0.0,#,#,0.0,#,#,#,#,#,0.0,1.0,1.0,13,78.62874460325968,4976,1248,0.36363636363636365,0.012568791916639423,224,224
#,0.0,1.0,#,#,#,#,0.0,1.0,#,#,1.0,0.21512700202082838,0.7354260089686099,1,58.24776062356107,4965,1259,0.36363636363636365,0.0007200583504665176,164,223
#,0.0,1.0,#,#,#,#,1.0,1.0,1.0,1.0,1.0,0.15774104955529852,0.6911764705882353,1,74.96116908516416,4746,1325,0.5454545454545454,0.00092173312093571,47,68
1.0,#,1.0,0.0,#,0.0,#,#,#,#,0.0,0.0,0.27550608968587587,0.7727272727272727,1,66.00358072624242,4998,1332,0.45454545454545453,0.0008146743920852946,85,110
#,#,0.0,1.0,#,1.0,#,#,#,1.0,#,1.0,0.649790109152045,0.9173913043478261,2,74.8627555261827,4980,1353,0.36363636363636365,0.0018410460278334207,211,230
#,1.0,1.0,#,#,#,#,#,0.0,#,0.0,0.0,0.2291450641231761,0.7447698744769874,1,62.72689965372356,4998,1370,0.36363636363636365,0.0007643112255928459,178,239
#,#,#,#,#,#,1.0,#,0.0,#,0.0,0.0,0.08150055231806255,0.6056644880174292,1,70.13984373012367,4998,1371,0.2727272727272727,0.0008782494845983084,278,459
#,#,1.0,#,0.0,1.0,#,#,#,#,0.0,0.0,0.20528663711548756,0.7285714285714285,1,66.69149031167566,4929,1419,0.36363636363636365,0.0008200479829096019,153,210
0.0,#,0.0,0.0,#,0.0,#,#,#,#,#,0.0,1.0,1.0,12,79.73181367962744,4976,1423,0.36363636363636365,0.011764723686840017,225,225
1.0,0.0,#,#,1.0,0.0,0.0,#,0.0,#,#,0.0,0.4779830563763579,0.8627450980392157,3,58.91030024742026,4940,1434,0.5454545454545454,0.002173108113106831,44,51
#,0.0,1.0,#,0.0,#,#,#,#,#,0.0,0.0,0.2770383778382806,0.7735849056603774,2,73.73304482814174,4984,1440,0.36363636363636365,0.0018132638632762826,164,212
0.0,#,#,#,#,1.0,#,1.0,#,1.0,0.0,1.0,0.18077945508181315,0.7102803738317757,1,69.97006318150497,4980,1459,0.45454545454545453,0.0008603617779104459,76,107
#,#,0.0,1.0,#,#,#,0.0,#,1.0,#,1.0,0.09802127962964617,0.6284403669724771,1,58.7294997142791,4942,1491,0.36363636363636365,0.0007221462221478215,137,218
0.0,#,0.0,1.0,#,#,#,0.0,#,1.0,#,1.0,0.25126003423796484,0.7586206896551724,2,70.82864090652501,4942,1508,0.45454545454545453,0.0017418379417278008,88,116
1.0,#,0.0,#,#,#,#,#,#,0.0,#,0.0,0.26447861018513086,0.7664399092970522,3,74.82131161382789,4954,1522,0.2727272727272727,0.0027600402411533105,338,441
1.0,#,1.0,#,#,#,#,#,1.0,#,1.0,1.0,1.0,1.0,10,74.72228744469075,4974,1543,0.36363636363636365,0.009187957985500674,214,214
0.0,#,#,#,#,0.0,#,#,#,#,0.0,0.0,0.11365797640864939,0.6473214285714286,1,73.51999946403689,4984,1563,0.2727272727272727,0.000904012295755273,290,448
#,1.0,0.0,1.0,#,#,#,1.0,#,1.0,#,1.0,0.22965034521487823,0.7450980392156863,1,82.82593952305494,4980,1564,0.45454545454545453,0.0010184394488869733,76,102
1.0,#,0.0,#,1.0,#,#,1.0,#,#,0.0,1.0,0.2706784157,0.77,1,78.6632250270862,4923,1586,0.45454545454545453,0.0009672541235944283,77,100
0.0,0.0,1.0,#,0.0,#,#,#,#,#,#,0.0,1.0,1.0,14,65.05124374206929,4984,1596,0.36363636363636365,0.011198309912403911,225,225
0.0,#,0.0,0.0,#,#,#,0.0,#,#,1.0,0.0,0.210103396046206,0.7319587628865979,1,78.07471139733809,4976,1610,0.45454545454545453,0.0009600176768943423,71,97
0.0,#,0.0,1.0,#,#,#,0.0,1.0,1.0,#,1.0,0.2373046875,0.75,1,68.15094373826852,4808,1615,0.5454545454545454,0.0008379936283440458,48,64
0.0,#,0.0,0.0,#,0.0,#,#,0.0,#,#,0.0,1.0,1.0,1,78.07427649923623,4971,1616,0.45454545454545453,0.0009600123293258665,99,99
#,0.0,0.0,0.0,#,#,#,0.0,#,#,#,0.0,1.0,1.0,8,74.15899400654584,4971,1641,0.36363636363636365,0.007294955703099829,214,214
#,#,0.0,#,#,1.0,1.0,#,#,1.0,#,1.0,0.18905406764403293,0.7166666666666667,1,70.18350451186977,4962,1661,0.36363636363636365,0.000862986282650364,129,180
0.0,#,1.0,#,0.0,#,0.0,#,#,#,#,0.0,1.0,1.0,14,68.74466594131766,4984,1672,0.36363636363636365,0.011834117685557798,221,221
1.0,#,#,0.0,#,1.0,1.0,0.0,0.0,#,#,0.0,0.4182119423999999,0.84,2,78.5226206501272,4787,1683,0.5454545454545454,0.0019310504646389498,42,50
#,1.0,#,#,#,#,#,#,#,1.0,1.0,1.0,0.21538466792042543,0.7356020942408377,2,69.47718081852568,4975,1734,0.2727272727272727,0.0017086024535428064,281,382
0.0,#,#,1.0,1.0,#,#,#,#,#,#,1.0,0.2402933738360162,0.7518796992481203,1,75.68844234056529,4980,1755,0.2727272727272727,0.000930675775588179,300,399
0.0,#,1.0,#,1.0,1.0,#,0.0,#,#,0.0,1.0,0.3047211266817917,0.7884615384615384,1,64.90610623559606,4838,1755,0.5454545454545454,0.0007980946481818026,41,52
1.0,#,#,#,#,#,#,#,#,0.0,0.0,0.0,0.21643539739450499,0.736318407960199,1,72.29985579243728,4954,1771,0.2727272727272727,0.0008890092368630653,296,402
1.0,#,#,#,#,#,0.0,#,1.0,0.0,1.0,1.0,0.11556972395393464,0.6494845360824743,1,64.07890016819786,4936,1773,0.45454545454545453,0.0007879232055607083,63,97
0.0,#,1.0,#,0.0,#,#,#,#,#,#,0.0,0.20852897962580655,0.7308584686774942,2,63.15311177598508,4984,1786,0.2727272727272727,0.001553079161504195,315,431
#,1.0,1.0,#,1.0,#,#,#,0.0,#,0.0,0.0,0.1991161489782947,0.7241379310344828,1,64.77191747456285,4993,1797,0.45454545454545453,0.0007964446442262731,84,116
0.0,0.0,1.0,#,1.0,#,#,#,#,#,#,1.0,1.0,1.0,13,63.82939150982553,4961,1818,0.36363636363636365,0.010203117754209307,194,194
#,0.0,#,#,1.0,#,#,1.0,1.0,#,#,1.0,0.5196047839523662,0.8772727272727273,2,92.80132352054247,4953,1839,0.36363636363636365,0.0022821963584472235,193,220
1.0,#,#,0.0,#,#,0.0,#,1.0,0.0,1.0,1.0,0.10135100721691906,0.6326530612244898,1,65.30196477558468,4936,1850,0.5454545454545454,0.0008029621806918441,31,49
0.0,1.0,#,#,#,0.0,#,#,#,#,#,0.0,0.20932395022408684,0.7314148681055156,3,75.17878580519616,4976,1851,0.2727272727272727,0.002773226900569848,305,417
#,#,1.0,1.0,#,0.0,#,#,0.0,1.0,#,0.0,0.2373046875,0.75,1,73.11361174173454,4994,1866,0.45454545454545453,0.000899015294932592,87,116
0.0,1.0,#,#,1.0,0.0,#,#,#,#,#,0.0,0.202266658350261,0.7264150943396226,1,81.27085738395849,4976,1870,0.36363636363636365,0.000999317939299092,154,212
0.0,#,#,1.0,1.0,#,1.0,0.0,#,#,0.0,1.0,0.5378028459362139,0.8833333333333333,2,78.96469201501682,4808,1872,0.5454545454545454,0.001941922008501162,53,60
0.0,1.0,#,#,#,1.0,1.0,#,#,#,#,1.0,1.0,1.0,11,82.7878627966756,4962,1896,0.36363636363636365,0.01119768377290524,210,210
0.0,1.0,#,1.0,#,1.0,#,#,#,#,#,1.0,0.2454868426366091,0.7551020408163265,1,74.42150692621719,4980,1916,0.36363636363636365,0.0009150973588193006,148,196
#,#,#,1.0,1.0,#,1.0,#,0.0,1.0,#,1.0,0.1351164144281094,0.6701030927835051,1,83.14917423409435,4922,1933,0.45454545454545453,0.0010224139885404652,65,97
1.0,#,#,#,#,#,0.0,#,#,1.0,1.0,1.0,0.1656667507480191,0.697986577181208,1,67.60593493103862,4974,1936,0.36363636363636365,0.0008312921230853066,104,149
0.0,1.0,0.0,#,#,1.0,#,#,#,#,#,1.0,1.0,1.0,14,78.52841248221928,4980,1944,0.36363636363636365,0.01351835029306706,184,184
1.0,0.0,#,#,1.0,0.0,#,#,0.0,#,#,0.0,0.27374904127793337,0.7717391304347826,1,68.16079067391345,4940,1976,0.45454545454545453,0.0008381147076553002,71,92
1.0,#,0.0,#,#,1.0,#,1.0,#,#,#,1.0,0.2373046875,0.75,1,68.15989509295976,4959,1982,0.36363636363636365,0.0016762073909308427,132,176
0.0,#,0.0,#,#,0.0,#,#,#,#,#,0.0,0.2438596708938226,0.7540983606557377,3,78.16171120253391,4976,1986,0.2727272727272727,0.002883262316354899,276,366
1.0,#,1.0,0.0,#,0.0,#,#,#,1.0,0.0,0.0,0.26364723082896674,0.7659574468085106,1,65.31747649296742,4998,2016,0.5454545454545454,0.0008041288489070445,36,47
1.0,0.0,#,0.0,#,#,1.0,#,0.0,#,#,0.0,0.39738234240994386,0.8314606741573034,2,87.37144973250449,4960,2036,0.45454545454545453,0.0021486633686602277,74,89
0.0,0.0,#,1.0,1.0,#,#,#,#,#,#,1.0,1.0,1.0,7,78.4362840124023,4953,2050,0.36363636363636365,0.006751245373808071,183,183
#,0.0,1.0,0.0,#,#,#,#,1.0,#,#,1.0,0.22691644371591016,0.7433155080213903,1,71.92834861383123,4961,2060,0.36363636363636365,0.0008844411321314336,139,187
#,0.0,1.0,0.0,#,#,#,#,1.0,1.0,1.0,1.0,0.1894692059725282,0.7169811320754716,1,71.67310062586411,4815,2076,0.5454545454545454,0.0008813025668257858,38,53
#,1.0,0.0,#,#,1.0,#,#,#,1.0,#,1.0,1.0,1.0,11,76.6447257872629,4980,2084,0.36363636363636365,0.010366778090825035,171,171
#,#,0.0,#,#,1.0,#,1.0,1.0,#,0.0,1.0,0.21871664623665604,0.7378640776699029,1,74.89123400407803,4980,2084,0.45454545454545453,0.0009208731893025844,76,103
#,0.0,1.0,1.0,0.0,#,#,0.0,#,1.0,#,0.0,0.3572711466646851,0.813953488372093,1,64.10545369529139,4884,2095,0.5454545454545454,0.0007882497114796856,35,43
1.0,#,#,#,#,#,#,1.0,#,#,#,1.0,0.0900448204447158,0.6178623718887262,1,73.65474579229152,4997,2101,0.18181818181818182,0.0009322741497530193,422,683
0.0,1.0,#,#,#,1.0,#,#,#,#,0.0,1.0,0.2679145340149969,0.7684210526315789,1,74.09239176606263,4980,2122,0.36363636363636365,0.0009110505123330636,146,190
1.0,#,#,1.0,1.0,#,1.0,#,0.0,0.0,0.0,0.0,0.5734249721032963,0.8947368421052632,1,69.7807505210409,4810,2134,0.6363636363636364,0.0008580339627030291,17,19
#,1.0,0.0,#,#,0.0,#,#,1.0,#,#,0.0,0.2800885920510908,0.7752808988764045,1,75.65998191694533,4976,2151,0.36363636363636365,0.0009303258222002245,138,178
#,#,0.0,#,#,1.0,#,#,#,1.0,#,1.0,0.26120803348669874,0.7645348837209303,1,66.10299857631387,4980,2158,0.2727272727272727,0.0008128118054259819,263,344
1.0,#,0.0,#,#,1.0,#,#,#,0.0,#,0.0,0.26661954836084967,0.7676767676767676,1,66.42576275182739,4954,2163,0.36363636363636365,0.0008167805593081995,152,198
1.0,#,#,#,#,#,#,0.0,#,0.0,#,0.0,0.2384023021266854,0.7506925207756233,1,70.69538343152084,4954,2163,0.2727272727272727,0.0008692804181328983,271,361
0.0,0.0,#,#,1.0,#,#,#,#,#,#,1.0,0.21208362139917689,0.7333333333333333,1,66.69549817885637,4961,2165,0.2727272727272727,0.0008200972642104388,264,360
1.0,#,#,0.0,#,#,0.0,#,0.0,0.0,#,0.0,0.1877644812763284,0.7156862745098039,1,69.90697980255575,4954,2197,0.45454545454545453,0.0008595860957743793,73,102
#,#,1.0,#,#,0.0,#,#,0.0,1.0,0.0,0.0,0.4234790289079717,0.8421052631578947,1,73.78896070298393,4998,2207,0.45454545454545453,0.000934337056622309,80,95
0.0,1.0,#,0.0,#,#,1.0,#,#,#,0.0,1.0,0.29456172965920824,0.7831325301204819,2,71.30119136387805,4962,2216,0.45454545454545453,0.0017534590360402643,65,83
1.0,0.0,#,0.0,0.0,1.0,#,1.0,1.0,1.0,#,0.0,0.0,0.0,1,72.5,2227,2227,0.7272727272727273,0.0008914702383032161,0,4
0.0,#,#,1.0,1.0,1.0,#,#,1.0,#,#,1.0,0.604582205516469,0.9042553191489362,1,92.92201380455356,4980,2239,0.45454545454545453,0.0011425822039994498,85,94
0.0,#,0.0,1.0,1.0,#,1.0,0.0,1.0,#,1.0,1.0,0.13168724279835387,0.6666666666666666,1,61.04192,4651,2240,0.7272727272727273,0.0007505800685363566,6,9
1.0,#,1.0,1.0,1.0,1.0,#,#,0.0,1.0,#,0.0,0.3540925979614258,0.8125,1,58.108609978368,4764,2244,0.6363636363636364,0.0007145116742742671,13,16
0.0,#,1.0,#,#,1.0,0.0,#,#,#,0.0,0.0,0.3035966957071313,0.7878787878787878,2,64.57390174851056,4993,2272,0.45454545454545453,0.0015880196297907085,52,66
0.0,0.0,0.0,#,1.0,#,#,0.0,1.0,#,1.0,1.0,0.13168724279835387,0.6666666666666666,1,62.446707200000006,4569,2282,0.6363636363636364,0.000767853530328761,8,12
#,1.0,0.0,#,#,1.0,1.0,#,#,#,#,1.0,0.16529662857527172,0.6976744186046512,1,72.20698652108995,4962,2296,0.36363636363636365,0.0008878673031877679,120,172
#,#,#,1.0,1.0,#,#,#,#,1.0,#,1.0,0.1487127029766701,0.683076923076923,1,61.556118933331845,4980,2299,0.2727272727272727,0.0007709084016872723,222,325
1.0,#,1.0,0.0,#,#,#,#,0.0,#,#,0.0,0.3515304336386046,0.8113207547169812,1,74.38975512272995,4998,2302,0.36363636363636365,0.00094357137290752,129,159
1.0,0.0,1.0,#,#,#,#,#,1.0,#,#,1.0,1.0,1.0,9,63.766635223196445,4997,2351,0.36363636363636365,0.007243959845414564,169,169
1.0,#,0.0,#,#,#,#,0.0,#,0.0,#,0.0,1.0,1.0,15,76.54106720050365,4954,2360,0.36363636363636365,0.014117396569079062,175,175
#,0.0,0.0,0.0,#,0.0,#,#,#,0.0,#,0.0,0.2731986815017553,0.7714285714285715,1,77.47484458729818,4844,2366,0.45454545454545453,0.0009526416298861151,54,70
#,1.0,#,#,0.0,1.0,#,#,#,#,#,1.0,0.09196989344665418,0.6204819277108434,1,67.19100808773265,4934,2370,0.2727272727272727,0.0008261901240248877,206,332
#,1.0,#,#,#,1.0,1.0,1.0,#,#,#,1.0,0.2790863676785695,0.7747252747252747,1,78.1793085546379,4966,2402,0.36363636363636365,0.0009613038183114996,141,182
#,0.0,1.0,1.0,0.0,0.0,#,#,#,#,0.0,0.0,0.4113109068164202,0.8372093023255814,1,68.56253779069435,4958,2412,0.5454545454545454,0.0008430546469371525,36,43
#,0.0,#,0.0,0.0,#,#,#,0.0,#,1.0,0.0,0.38605762138600824,0.8266666666666667,1,79.91939720326857,4915,2429,0.45454545454545453,0.0009827001940668583,62,75
1.0,1.0,#,#,#,#,#,1.0,1.0,1.0,#,1.0,0.2715439396649689,0.7704918032786885,1,74.91855873174221,4974,2462,0.45454545454545453,0.0009212091780126858,47,61
0.0,#,#,#,1.0,1.0,1.0,#,0.0,1.0,0.0,1.0,0.3066820026178275,0.7894736842105263,1,68.1404915376128,4962,2512,0.6363636363636364,0.0008378651066087444,15,19
1.0,0.0,1.0,#,#,#,#,#,0.0,#,#,0.0,1.0,1.0,15,77.22965123886674,4994,2527,0.36363636363636365,0.014244400467721408,146,146
0.0,#,#,1.0,1.0,0.0,0.0,1.0,#,0.0,#,1.0,0.03125,0.5,1,69.590532796416,4622,2540,0.6363636363636364,0.0008556950186988793,8,16
#,0.0,#,0.0,#,1.0,#,#,#,0.0,#,0.0,0.0842909133538739,0.6097560975609756,1,66.79101394937145,4954,2550,0.36363636363636365,0.0008212717396132358,100,164
0.0,#,0.0,#,1.0,1.0,#,#,1.0,#,#,1.0,0.3276800000000001,0.8,1,82.23492897276421,4980,2563,0.45454545454545453,0.001011172299699285,64,80
0.0,#,1.0,#,#,#,0.0,#,#,#,#,0.0,0.25872690851894115,0.7630769230769231,2,61.98460796008759,4993,2576,0.2727272727272727,0.0015243429856361575,248,325
#,0.0,0.0,0.0,#,#,#,#,#,#,#,0.0,0.2757808812954615,0.7728813559322034,3,70.53805710649516,4971,2582,0.2727272727272727,0.0026020377342692324,228,295
#,1.0,1.0,#,#,#,1.0,#,#,1.0,#,1.0,0.30286759735107416,0.7875,2,71.99249593377085,4975,2586,0.36363636363636365,0.0018134501520062143,126,160
0.0,1.0,#,#,#,0.0,0.0,#,#,#,#,0.0,1.0,1.0,10,77.5916238370244,4976,2594,0.36363636363636365,0.009540775640320779,160,160
0.0,#,0.0,#,#,0.0,1.0,1.0,0.0,0.0,#,1.0,0.005810451002558458,0.35714285714285715,1,66.40657039359999,4262,2598,0.6363636363636364,0.0008165445673611294,5,14
#,1.0,1.0,#,#,#,#,#,#,0.0,1.0,1.0,0.19554144577770538,0.7215189873417721,2,64.49394085957516,4966,2599,0.36363636363636365,0.0015860532090261794,114,158
0.0,#,#,#,1.0,1.0,#,1.0,1.0,#,#,1.0,0.3066820026178275,0.7894736842105263,1,84.30001815553035,4980,2617,0.45454545454545453,0.001036564927918291,75,95
1.0,0.0,#,#,#,#,#,#,0.0,#,#,0.0,0.22548128144079202,0.7423728813559322,3,75.5002201148748,4994,2624,0.2727272727272727,0.002785084105562181,219,295
#,1.0,1.0,#,1.0,1.0,#,#,0.0,0.0,1.0,1.0,0.095367431640625,0.625,2,47.806532562944,4811,2632,0.6363636363636364,0.0011756717510713972,10,16
#,1.0,1.0,#,1.0,#,0.0,#,0.0,0.0,1.0,1.0,0.0012620658543943514,0.2631578947368421,1,45.3517087915049,4811,2632,0.6363636363636364,0.0005576510157768405,5,19
1.0,1.0,#,#,1.0,#,#,1.0,1.0,1.0,#,1.0,0.1991161489782947,0.7241379310344828,1,73.85034982981745,4917,2641,0.5454545454545454,0.0009080743305043206,21,29
#,#,1.0,1.0,0.0,#,0.0,#,#,1.0,#,0.0,0.19123137022949369,0.7183098591549296,1,65.5413776348241,4994,2655,0.45454545454545453,0.0008059060350184514,51,71
#,0.0,1.0,#,0.0,#,#,#,0.0,#,#,0.0,1.0,1.0,17,83.49972320835653,4994,2658,0.36363636363636365,0.01745431459994076,141,141
#,0.0,#,0.0,#,#,1.0,0.0,0.0,#,#,0.0,0.5417169694823225,0.8846153846153846,1,83.31452142740343,4960,2663,0.45454545454545453,0.0010244471209793896,69,78
1.0,1.0,0.0,#,#,#,#,#,#,1.0,#,1.0,1.0,1.0,7,60.893220828725454,4983,2703,0.36363636363636365,0.005241261497691582,123,123
#,1.0,0.0,0.0,#,0.0,#,#,#,#,#,0.0,0.1763522736143192,0.706766917293233,1,67.21069616164776,4976,2709,0.36363636363636365,0.0008264322113620577,94,133
#,0.0,#,1.0,#,#,#,1.0,#,#,#,1.0,0.21929669359344825,0.738255033557047,1,76.25919641440932,4997,2710,0.2727272727272727,0.0009376938482808999,220,298
#,#,1.0,#,#,#,1.0,#,#,#,1.0,1.0,0.23193602552357678,0.7465753424657534,1,75.37580302786976,4975,2722,0.2727272727272727,0.0009268315184489841,218,292
1.0,#,0.0,#,#,#,#,1.0,#,1.0,#,1.0,1.0,1.0,12,79.18383169175353,4917,2723,0.36363636363636365,0.011683866919946363,124,124
1.0,#,0.0,#,#,#,#,#,#,0.0,1.0,0.0,0.2607826595131492,0.7642857142857142,1,75.77878992284298,4903,2735,0.36363636363636365,0.0009317867022185681,107,140
#,1.0,1.0,#,#,#,1.0,#,1.0,1.0,#,1.0,0.3331050475749608,0.8026315789473685,1,73.83640404500917,4975,2747,0.45454545454545453,0.0009079028511649225,61,76
#,1.0,0.0,#,0.0,#,#,#,#,1.0,#,1.0,0.24992449491401203,0.7578125,1,63.42036827848189,4983,2761,0.36363636363636365,0.0007798258044482204,97,128
1.0,#,0.0,#,1.0,#,#,#,#,1.0,#,1.0,0.20922153623797474,0.7313432835820896,1,63.39758292349505,4917,2775,0.36363636363636365,0.0007795456325056006,98,134
#,#,0.0,0.0,#,#,#,0.0,#,#,#,0.0,0.2545847061411768,0.7606177606177607,3,66.25655760455149,4976,2804,0.2727272727272727,0.0024440999667674603,197,259
#,1.0,0.0,#,#,1.0,#,0.0,#,#,#,1.0,0.17106760571860832,0.7024793388429752,1,71.76007163804807,4962,2811,0.36363636363636365,0.0008823719746734701,85,121
1.0,#,1.0,#,0.0,1.0,0.0,#,#,#,0.0,0.0,0.1134276198236865,0.6470588235294118,1,63.72829466116424,4756,2814,0.5454545454545454,0.000783612110734423,22,34
#,1.0,1.0,#,1.0,#,#,1.0,#,0.0,1.0,1.0,0.10644534557634333,0.6388888888888888,1,68.54173760942913,4966,2835,0.5454545454545454,0.000842798884970956,23,36
#,#,#,1.0,1.0,#,#,#,0.0,1.0,#,1.0,0.09619960313488579,0.6260869565217392,1,73.4393627512878,4922,2839,0.36363636363636365,0.0009030207753479569,72,115
1.0,#,#,1.0,#,#,1.0,#,0.0,#,0.0,0.0,0.30974573454843535,0.7910447761194029,1,72.36883907136503,4810,2841,0.45454545454545453,0.0008898574650024398,53,67
0.0,#,#,0.0,0.0,#,#,#,#,#,#,0.0,0.21351034764298824,0.7343173431734318,2,73.13968504444351,4984,2868,0.2727272727272727,0.001798671791889441,199,271
1.0,#,1.0,#,#,#,#,1.0,1.0,#,#,1.0,0.33070285774311947,0.8014705882352942,1,73.04774465109006,4997,2881,0.36363636363636365,0.0008982053838844102,109,136
0.0,1.0,#,#,#,#,0.0,#,0.0,#,#,0.0,0.16529662857527172,0.6976744186046512,2,61.83107756253558,4993,2912,0.36363636363636365,0.001520567322737055,90,129
1.0,#,#,#,#,#,#,#,0.0,#,#,0.0,0.11363441579394987,0.6472945891783567,1,68.90642527928273,4998,2921,0.18181818181818182,0.0008592916252828124,323,499
0.0,#,1.0,1.0,1.0,1.0,#,#,#,#,#,1.0,0.21359418239444494,0.734375,1,77.18669947007287,4937,2925,0.45454545454545453,0.0009490985568334426,47,64
#,0.0,1.0,1.0,0.0,#,#,#,0.0,#,#,0.0,1.0,1.0,1,76.7271061216554,4994,2942,0.45454545454545453,0.0009434473321184592,75,75
#,1.0,0.0,0.0,#,0.0,#,#,#,0.0,#,0.0,1.0,1.0,2,83.55508209758798,4976,2945,0.45454545454545453,0.0020548101779029396,60,60
1.0,#,0.0,#,1.0,#,#,1.0,#,#,#,1.0,0.32049431460831423,0.7964601769911505,1,82.23350367036105,4923,2951,0.36363636363636365,0.0010111547739796575,90,113
1.0,#,1.0,#,#,#,#,1.0,1.0,0.0,#,1.0,0.2495343537242618,0.7575757575757576,1,73.84609339175026,4966,2955,0.45454545454545453,0.0009080219927407609,50,66
0.0,#,#,1.0,#,#,#,#,#,#,#,1.0,0.08815127344301964,0.6152416356877324,1,65.89735116257107,4980,2966,0.18181818181818182,0.0008102831357854889,331,538
#,0.0,0.0,#,#,0.0,#,1.0,#,#,#,1.0,0.23376289008649898,0.7477477477477478,1,85.39020080004994,4923,2979,0.36363636363636365,0.0010499699676686897,83,111
0.0,#,#,1.0,1.0,1.0,#,0.0,#,#,#,1.0,0.620921323059155,0.9090909090909091,1,78.97609934645538,4937,2992,0.45454545454545453,0.0009711012704088698,50,55
1.0,#,0.0,#,#,#,#,#,#,1.0,#,1.0,0.25746624057168443,0.7623318385650224,1,58.944961840532585,4983,3003,0.2727272727272727,0.0007247955748793596,170,223
#,1.0,#,#,#,#,1.0,#,#,#,#,1.0,0.09631919486940654,0.6262425447316103,2,63.50612305253614,4983,3004,0.18181818181818182,0.01868914616010943,315,503
1.0,#,0.0,#,#,#,#,1.0,#,#,1.0,1.0,0.2373046875,0.75,1,86.04367256320032,4860,3025,0.36363636363636365,0.0010580051487503461,78,104
0.0,0.0,#,1.0,#,#,#,#,#,#,#,1.0,0.20797359839616547,0.73046875,2,65.07350778785246,4953,3028,0.2727272727272727,0.0016003060826169113,187,256
0.0,0.0,#,#,1.0,#,0.0,#,#,#,#,1.0,0.267181325549568,0.768,2,52.20554138788414,4961,3028,0.36363636363636365,0.0012838534185325653,96,125
#,#,0.0,0.0,#,1.0,#,0.0,#,#,#,0.0,0.12901076218572022,0.6639344262295082,1,67.99254519825662,4954,3036,0.36363636363636365,0.0008360459375273383,81,122
0.0,1.0,1.0,#,#,#,1.0,#,#,#,#,1.0,1.0,1.0,11,75.74799414321593,4975,3047,0.36363636363636365,0.010245488362596918,144,144
#,0.0,1.0,#,1.0,#,#,#,#,#,#,1.0,0.23889733068959731,0.751004016064257,3,66.44827201192047,4965,3048,0.2727272727272727,0.0025383049742403623,187,249
#,#,1.0,0.0,0.0,#,0.0,#,#,#,#,0.0,0.23044663552247954,0.7456140350877193,1,67.47195234140749,4984,3066,0.36363636363636365,0.0008296446542424521,85,114
#,1.0,#,#,#,#,#,#,#,0.0,#,0.0,0.0983046073318026,0.6288032454361054,1,69.66914431625251,4993,3072,0.18181818181818182,0.0008566616370481488,310,493
0.0,#,0.0,1.0,#,#,#,#,#,#,#,1.0,0.2373046875,0.75,3,77.24522768605843,4980,3074,0.2727272727272727,0.0028494546841273116,186,248
0.0,#,1.0,#,1.0,#,1.0,#,#,#,#,1.0,1.0,1.0,13,83.162954770474,4975,3086,0.36363636363636365,0.013293584667504035,131,131
1.0,0.0,#,#,#,#,#,0.0,#,0.0,#,0.0,0.2662118732867609,0.7674418604651163,2,70.8491217354527,4954,3090,0.36363636363636365,0.001742341612057313,99,129
1.0,#,0.0,#,1.0,#,1.0,1.0,#,#,#,1.0,0.37661050772165766,0.8225806451612904,1,85.60037272368201,4917,3094,0.45454545454545453,0.0010525542713217232,51,62
1.0,1.0,#,#,#,#,#,1.0,1.0,0.0,#,0.0,0.12071966324265888,0.6551724137931034,1,64.1276609093453,4919,3116,0.45454545454545453,0.0007885227745197503,38,58
0.0,#,1.0,#,1.0,#,#,#,#,#,#,1.0,0.19649623617673456,0.7222222222222222,2,68.84617352156168,4975,3146,0.2727272727272727,0.0016930845438767217,182,252
#,1.0,0.0,#,#,1.0,1.0,0.0,#,#,#,1.0,0.08943359730521624,0.6170212765957447,1,73.49582830617989,4962,3204,0.45454545454545453,0.0009037150837848613,29,47
0.0,1.0,#,#,#,#,1.0,#,#,#,#,1.0,0.28462802079628785,0.7777777777777778,2,77.2010716036724,4975,3204,0.2727272727272727,0.0018985505572355723,189,243
#,0.0,1.0,#,1.0,#,#,#,1.0,#,#,1.0,1.0,1.0,12,70.5715065478052,4965,3205,0.36363636363636365,0.010913718008882528,118,118
1.0,1.0,1.0,#,#,#,#,#,#,#,1.0,1.0,1.0,1.0,7,70.42284329563101,4974,3213,0.36363636363636365,0.006061504582941015,98,98
#,1.0,#,#,#,#,1.0,#,#,1.0,1.0,1.0,0.5581181957847601,0.8899082568807339,2,75.4920346109288,4975,3213,0.36363636363636365,0.0018565214368165335,97,109
#,1.0,0.0,#,#,#,#,0.0,1.0,1.0,#,1.0,0.1894692059725282,0.7169811320754716,1,63.995202936187695,4850,3219,0.45454545454545453,0.0007868940525763576,38,53
0.0,1.0,#,#,1.0,0.0,#,#,0.0,#,#,0.0,0.2535525376,0.76,2,75.79730305076542,4725,3229,0.45454545454545453,0.0018640286845077777,38,50
1.0,1.0,#,#,#,#,#,#,#,#,0.0,0.0,0.2129695166622419,0.7339449541284404,1,58.624274743918164,4998,3232,0.2727272727272727,0.0007012531565236575,160,218
1.0,#,1.0,#,#,#,#,#,#,#,0.0,0.0,0.22790396286717693,0.7439613526570048,3,65.35337637694644,4998,3233,0.2727272727272727,0.0025103365614870332,154,207
#,#,1.0,#,0.0,#,#,#,0.0,#,#,0.0,0.2116477735782368,0.7330316742081447,1,76.67377565015784,4998,3242,0.2727272727272727,0.00097867717159503,162,221
1.0,0.0,#,#,0.0,#,#,0.0,#,#,#,0.0,0.3366816616594237,0.8043478260869565,1,69.75480391004764,4960,3255,0.36363636363636365,0.0008577149195101281,74,92
#,#,0.0,0.0,#,#,#,0.0,#,0.0,#,0.0,0.670176922268936,0.9230769230769231,2,79.35783593576357,4976,3255,0.36363636363636365,0.0019515903148381432,108,117
0.0,#,0.0,#,#,0.0,0.0,#,#,#,#,0.0,0.2575412249143059,0.7623762376237624,1,81.91607275881793,4976,3267,0.36363636363636365,0.0010072515986643727,77,101
1.0,0.0,0.0,#,#,#,#,1.0,#,#,#,1.0,1.0,1.0,17,79.18440012023848,4959,3268,0.36363636363636365,0.016552263624365043,108,108
#,1.0,#,#,#,1.0,1.0,#,#,#,1.0,1.0,0.42835776805700126,0.8440366972477065,1,84.54635008648793,4966,3270,0.36363636363636365,0.001039593860127842,92,109
0.0,#,#,#,1.0,#,1.0,1.0,#,0.0,#,1.0,0.2373046875,0.75,1,80.25470375369756,4953,3274,0.45454545454545453,0.0009868231707622452,54,72
#,1.0,#,0.0,#,0.0,#,#,#,0.0,0.0,0.0,0.3632654951131687,0.8166666666666667,2,78.89280283329738,4944,3278,0.45454545454545453,0.001940154089440228,49,60
#,#,1.0,#,1.0,#,#,#,1.0,1.0,#,1.0,0.1877644812763284,0.7156862745098039,1,64.92007273681133,4975,3284,0.36363636363636365,0.0008226129654601838,73,102
0.0,0.0,0.0,1.0,#,#,#,#,#,#,#,1.0,1.0,1.0,15,70.95572192641994,4953,3292,0.36363636363636365,0.013087223655459791,106,106
#,0.0,#,#,#,#,#,#,0.0,#,#,0.0,0.10402365824199523,0.6359550561797753,1,74.56537787991138,4994,3296,0.18181818181818182,0.0009168664163830892,283,445
1.0,#,0.0,0.0,#,0.0,#,#,#,0.0,#,0.0,0.3591654751124945,0.8148148148148148,1,80.57811611720538,4851,3317,0.45454545454545453,0.0009907998948555767,44,54
1.0,0.0,0.0,1.0,1.0,#,#,1.0,#,#,0.0,0.0,0.0,0.0,1,95.25299121799168,3325,3325,0.6363636363636364,0.0011712442314509958,0,18
#,0.0,0.0,1.0,#,#,#,1.0,#,#,#,1.0,1.0,1.0,11,94.33399990694261,4953,3326,0.36363636363636365,0.012759386029634686,107,107
1.0,0.0,#,0.0,#,#,#,0.0,0.0,#,#,0.0,1.0,1.0,4,83.2633876082734,4960,3332,0.45454545454545453,0.00409527348927341,48,48
#,#,#,1.0,1.0,#,#,#,#,#,#,1.0,0.09490313149280633,0.624390243902439,1,61.658495634252816,4980,3339,0.18181818181818182,0.0007724819496522156,256,410
#,1.0,0.0,#,#,1.0,#,#,#,#,#,1.0,0.18022552144713302,0.7098445595854922,2,71.96950121916055,4980,3340,0.2727272727272727,0.001769894300756101,137,193
#,#,1.0,#,#,0.0,#,#,1.0,#,1.0,1.0,0.1690985770988323,0.7008547008547008,1,69.6320832407956,4975,3342,0.36363636363636365,0.0008562059288306405,82,117
1.0,#,1.0,1.0,0.0,#,#,#,1.0,0.0,0.0,0.0,0.2373046875,0.75,1,62.200442880000004,4658,3358,0.6363636363636364,0.0007648254294730923,9,12
1.0,0.0,#,#,#,#,#,1.0,1.0,#,#,1.0,1.0,1.0,15,78.05030256403617,4997,3364,0.36363636363636365,0.014395763136496438,98,98
0.0,1.0,#,#,1.0,#,0.0,#,#,1.0,0.0,0.0,0.16291487262254356,0.6956521739130435,1,71.14069575990929,4774,3377,0.5454545454545454,0.0008747560414088681,16,23
1.0,0.0,#,#,#,1.0,1.0,1.0,#,#,#,1.0,0.11878715787945013,0.6530612244897959,1,76.1949075026558,4959,3381,0.45454545454545453,0.0009369033427432287,32,49
#,0.0,0.0,1.0,1.0,#,#,1.0,#,#,#,1.0,1.0,1.0,2,96.63817189942537,4953,3386,0.45454545454545453,0.0023765532174446317,58,58
1.0,0.0,#,1.0,1.0,0.0,0.0,0.0,0.0,#,#,0.0,1.0,1.0,1,52.2,4702,3410,0.7272727272727273,0.0006418585715783156,6,6
1.0,#,0.0,#,1.0,0.0,#,1.0,#,#,#,1.0,0.3276800000000001,0.8,2,85.84239313826977,4923,3440,0.45454545454545453,0.0021110603770342546,32,40
#,0.0,0.0,#,1.0,#,#,1.0,#,#,#,1.0,0.14422020513415318,0.6788990825688074,1,77.3497025689587,4953,3440,0.36363636363636365,0.0009511028659563105,74,109
1.0,1.0,#,#,#,#,#,#,#,#,1.0,1.0,0.16594971598164884,0.6982248520710059,2,67.63612942437541,4974,3457,0.2727272727272727,0.001663326797678762,118,169
#,0.0,0.0,1.0,#,#,#,#,#,#,#,1.0,0.22190066239999998,0.74,2,66.85485142242514,4953,3458,0.2727272727272727,0.0016441133883938056,148,200
0.0,#,#,0.0,1.0,0.0,#,#,0.0,1.0,#,0.0,0.0852316508323596,0.6111111111111112,1,64.15165231513599,4517,3482,0.5454545454545454,0.0007888177762333704,11,18
0.0,#,#,0.0,0.0,#,#,0.0,#,#,#,0.0,0.20195413267088946,0.7261904761904762,1,74.74240331124103,4971,3493,0.36363636363636365,0.0009190431460858916,61,84
#,#,1.0,#,#,#,1.0,#,#,#,#,1.0,0.09829259611446058,0.6287878787878788,1,70.38617633020098,4975,3494,0.18181818181818182,0.0009334726334337575,249,396
0.0,0.0,#,1.0,#,#,#,1.0,#,0.0,#,1.0,0.13900144363810318,0.6739130434782609,1,75.42764986121676,4953,3499,0.45454545454545453,0.0009274690344335236,31,46
#,1.0,1.0,#,0.0,#,#,#,1.0,#,0.0,0.0,0.17831521367830508,0.7083333333333334,1,58.87292248256205,4882,3534,0.45454545454545453,0.0007239097687605017,34,48
0.0,#,1.0,#,0.0,#,#,#,#,#,1.0,0.0,0.21208362139917689,0.7333333333333333,1,63.31919631612107,4898,3549,0.36363636363636365,0.0007785817797117321,77,105
#,1.0,1.0,0.0,1.0,0.0,#,#,0.0,#,1.0,0.0,0.03125,0.5,1,61.431999999999995,4472,3564,0.6363636363636364,0.0007553765473026644,4,8
0.0,#,0.0,1.0,0.0,1.0,#,#,#,1.0,#,1.0,1.0,1.0,2,69.07244272203145,4942,3568,0.5454545454545454,0.0016986490199612312,27,27
1.0,0.0,#,#,#,1.0,#,1.0,0.0,#,#,1.0,0.06391305182160717,0.5769230769230769,1,72.72760578948395,4839,3578,0.45454545454545453,0.0008942689112327396,30,52
1.0,#,#,0.0,#,#,1.0,0.0,0.0,#,1.0,0.0,0.28462802079628785,0.7777777777777778,1,80.06783897501695,4864,3582,0.5454545454545454,0.0009845254550549228,14,18
#,1.0,1.0,#,#,#,#,#,#,#,1.0,1.0,0.17803190389495654,0.7081081081081081,1,71.70857908181021,4975,3620,0.2727272727272727,0.0008817388149302949,131,185
0.0,#,#,#,0.0,#,0.0,0.0,1.0,#,#,0.0,0.15514789954105912,0.6888888888888889,1,64.27600970854493,4902,3621,0.45454545454545453,0.0007903468923042261,31,45
1.0,0.0,#,#,#,#,#,#,1.0,1.0,#,1.0,0.21441675208427144,0.7349397590361446,1,57.99188380333841,4997,3630,0.36363636363636365,0.0007161254785716871,61,83
#,#,0.0,1.0,#,#,#,#,#,1.0,#,1.0,0.22136886684083779,0.7396449704142012,2,66.37671976940548,4980,3661,0.2727272727272727,0.001632355039741178,125,169
0.0,#,0.0,#,#,0.0,#,#,0.0,#,#,0.0,0.29736106072562635,0.7846153846153846,1,74.41078038381356,4971,3662,0.36363636363636365,0.0009149654637391249,51,65
#,0.0,0.0,1.0,#,#,#,#,#,0.0,#,1.0,0.1882412826591052,0.7160493827160493,1,82.62270235549886,4953,3668,0.36363636363636365,0.0010159404159739624,58,81
0.0,0.0,#,#,0.0,#,#,#,#,#,#,0.0,0.24416275272426974,0.7542857142857143,1,65.3641934807114,4984,3672,0.2727272727272727,0.0008037273536378942,132,175
#,0.0,#,1.0,#,#,#,1.0,#,#,0.0,1.0,0.15601271289092586,0.6896551724137931,1,76.56809878598538,4997,3686,0.36363636363636365,0.0009414921554643667,60,87
#,#,0.0,#,#,#,#,#,#,1.0,#,1.0,0.09069347857475282,0.61875,1,60.940497093384884,4983,3691,0.18181818181818182,0.0007493329581538797,198,320
#,0.0,1.0,1.0,0.0,#,#,#,#,#,#,0.0,0.27550608968587587,0.7727272727272727,1,66.85494179046759,4994,3695,0.36363636363636365,0.0008220578053751143,68,88
0.0,0.0,#,#,0.0,#,#,1.0,#,#,#,0.0,0.2603721506332408,0.7640449438202247,1,68.54072669993536,4984,3701,0.36363636363636365,0.0008427864546850619,68,89
1.0,0.0,#,#,#,#,#,#,1.0,#,#,1.0,0.21271034561151744,0.7337662337662337,2,62.787325750892286,4997,3717,0.2727272727272727,0.0015796645356176877,113,154
#,1.0,#,1.0,#,0.0,#,#,#,0.0,0.0,0.0,0.4779830563763579,0.8627450980392157,1,71.74899004946003,4935,3719,0.45454545454545453,0.0008822357138952721,44,51
#,#,0.0,1.0,#,#,#,1.0,#,1.0,#,1.0,0.44855981016533175,0.8518518518518519,2,88.9170126034432,4980,3738,0.36363636363636365,0.0021866722873048715,69,81
#,0.0,0.0,#,#,1.0,#,1.0,0.0,#,#,1.0,0.2084017036410597,0.7307692307692307,1,58.01429323887411,4839,3741,0.45454545454545453,0.0007133519423262312,38,52
#,#,1.0,#,#,0.0,#,#,0.0,#,0.0,0.0,0.3276800000000001,0.8,1,72.76930561876357,4998,3750,0.36363636363636365,0.0009186647779858088,64,80
#,1.0,0.0,#,#,0.0,#,#,0.0,#,#,0.0,0.12124135504590608,0.6557377049180327,1,64.20631327732708,4905,3769,0.36363636363636365,0.0007894898951435825,40,61
1.0,0.0,#,#,1.0,0.0,#,0.0,1.0,#,#,0.0,0.08356049390158359,0.6086956521739131,1,53.10669882550916,4989,3770,0.5454545454545454,0.0006410393231175366,14,23
#,1.0,0.0,#,#,#,#,#,#,1.0,#,1.0,0.23162780493522572,0.7463768115942029,1,65.05850245842215,4983,3771,0.2727272727272727,0.0007999685336587582,103,138
1.0,#,1.0,#,#,#,0.0,#,0.0,#,#,0.0,0.3276800000000001,0.8,1,66.01622335592711,4994,3772,0.36363636363636365,0.0008117448050618853,52,65
1.0,#,1.0,#,0.0,1.0,#,#,#,#,0.0,0.0,0.095367431640625,0.625,1,66.78495417796653,4756,3772,0.45454545454545453,0.0008211972278082923,20,32
#,#,0.0,0.0,#,0.0,#,#,#,#,1.0,0.0,0.22621766644850363,0.7428571428571429,1,74.34997429676795,4976,3789,0.36363636363636365,0.0009142177835058996,52,70
0.0,1.0,#,#,#,1.0,#,#,#,1.0,#,1.0,0.2555505776547269,0.7611940298507462,1,80.49868082749838,4980,3801,0.36363636363636365,0.0009898231473156485,51,67
0.0,#,1.0,#,#,#,0.0,#,#,#,0.0,0.0,0.3213298050686717,0.796875,1,69.99061245597184,4993,3806,0.36363636363636365,0.0008606144546912175,51,64
0.0,1.0,#,#,0.0,#,1.0,#,#,1.0,#,1.0,0.36131873917399904,0.8157894736842105,1,67.8731542335828,4934,3815,0.45454545454545453,0.0008345778893655586,31,38
1.0,#,1.0,#,#,#,1.0,#,0.0,#,#,0.0,0.38605762138600824,0.8266666666666667,1,79.53982849921223,4998,3817,0.36363636363636365,0.0010227289098077219,62,75
#,0.0,0.0,#,#,0.0,#,1.0,#,0.0,#,1.0,0.427630752325058,0.84375,1,81.84248286431632,4923,3841,0.45454545454545453,0.001006346726929365,27,32
#,0.0,0.0,0.0,#,#,1.0,#,#,1.0,#,0.0,0.2588642078729486,0.7631578947368421,1,67.82750772122276,4921,3844,0.45454545454545453,0.0008340166134034716,29,38
#,#,1.0,#,#,#,#,#,1.0,#,1.0,1.0,0.222660855803264,0.740506329113924,1,68.11428528899165,4975,3861,0.2727272727272727,0.0008375428708749054,117,158
#,1.0,#,#,#,#,0.0,#,#,#,#,0.0,0.13679079779800066,0.6717557251908397,2,65.86551743423104,4993,3862,0.18181818181818182,0.0016197834075326505,176,262
#,1.0,#,#,#,1.0,#,#,#,1.0,#,1.0,0.2112538742896759,0.7327586206896551,2,68.3268495089616,4980,3871,0.2727272727272727,0.0016803131810830894,85,116
0.0,#,#,#,1.0,#,1.0,#,1.0,#,#,1.0,0.28224421495967555,0.7764705882352941,1,80.92524200083355,4975,3871,0.36363636363636365,0.000995068203741083,66,85
1.0,#,#,#,#,#,#,#,#,1.0,#,1.0,0.07483702853817203,0.5954198473282443,1,63.789115239210915,4997,3873,0.18181818181818182,0.000806725141561219,156,262
#,1.0,#,1.0,#,0.0,#,0.0,#,0.0,#,0.0,0.11707060933908406,0.6511627906976745,1,71.89445395360721,4935,3876,0.45454545454545453,0.0008840243586027838,28,43
1.0,#,#,#,#,#,1.0,#,0.0,#,#,0.0,0.13412582915463023,0.6691176470588235,1,70.68229755129812,4998,3877,0.2727272727272727,0.0008865870955850476,91,136
0.0,0.0,#,0.0,#,0.0,#,#,0.0,#,0.0,0.0,0.670176922268936,0.9230769230769231,1,83.070285312,4971,3881,0.5454545454545454,0.0010214439592138593,12,13
#,#,#,0.0,#,#,#,#,#,#,#,0.0,0.05642573770037741,0.5627240143369175,1,66.96334414463863,4998,3881,0.09090909090909091,0.008667079163647314,314,558
0.0,#,1.0,#,#,#,1.0,#,#,#,#,1.0,0.2765882018238683,0.7733333333333333,2,70.59802328308066,4975,3883,0.2727272727272727,0.0017361665279973495,116,150
#,#,1.0,#,#,#,#,#,0.0,#,0.0,0.0,0.22011618705032351,0.7388059701492538,1,71.384994147489,4998,3884,0.2727272727272727,0.0008973876663102397,99,134
#,#,1.0,#,#,0.0,0.0,#,#,1.0,0.0,0.0,0.41500972208362036,0.8387096774193549,1,67.19695575541188,4984,3884,0.45454545454545453,0.000826263257386589,26,31
0.0,#,#,#,#,#,0.0,1.0,#,0.0,#,0.0,0.1134276198236865,0.6470588235294118,1,67.28462786531907,4993,3891,0.36363636363636365,0.0008273412860308856,44,68
0.0,#,1.0,#,#,0.0,0.0,1.0,0.0,#,1.0,0.0,0.2994492622121735,0.7857142857142857,1,71.9844462592,4843,3891,0.6363636363636364,0.0008851309167008839,11,14
#,0.0,#,0.0,#,#,1.0,#,#,1.0,#,0.0,0.12711521784793314,0.6619718309859155,1,79.75229108041692,4960,3895,0.36363636363636365,0.0009806454335818861,47,71
1.0,#,1.0,0.0,#,#,#,#,0.0,0.0,1.0,1.0,0.022132674897119342,0.4666666666666667,1,69.76636106752,4854,3897,0.5454545454545454,0.0008578570279504865,7,15
1.0,0.0,0.0,#,#,#,#,0.0,#,#,#,0.0,1.0,1.0,8,60.548365764007784,4989,3901,0.36363636363636365,0.005956090047614931,66,66
1.0,0.0,#,#,0.0,#,#,0.0,0.0,#,#,0.0,1.0,1.0,3,76.18619913910489,4960,3912,0.45454545454545453,0.0028103887904256876,33,33
1.0,#,1.0,#,#,#,#,#,0.0,#,#,0.0,0.3540925979614258,0.8125,2,73.60063913613818,4998,3917,0.2727272727272727,0.001862885041793804,104,128
1.0,#,1.0,#,#,0.0,1.0,#,0.0,#,#,0.0,0.4128571866759781,0.8378378378378378,1,79.22031150516816,4998,3917,0.45454545454545453,0.0010178178772073355,31,37
#,1.0,0.0,#,#,0.0,#,#,#,#,#,0.0,0.21286219479551413,0.7338709677419355,1,67.50278384217023,4976,3930,0.2727272727272727,0.0008300237627297929,91,124
0.0,#,1.0,0.0,1.0,#,#,#,#,1.0,#,1.0,0.2957885573215846,0.7837837837837838,1,64.39132867877828,4975,3938,0.45454545454545453,0.0007917648706473267,29,37
#,1.0,0.0,#,#,0.0,#,#,#,0.0,#,0.0,1.0,1.0,5,81.0200558206576,4976,3959,0.36363636363636365,0.004981170239295276,59,59
1.0,1.0,#,#,#,#,#,#,#,1.0,#,1.0,0.17335480851781832,0.7043478260869566,2,61.016515146218,4983,3967,0.2727272727272727,0.0014760446275823777,81,115
0.0,#,0.0,0.0,#,#,0.0,#,0.0,#,#,0.0,0.2994492622121735,0.7857142857142857,1,65.46184894900965,4971,3969,0.45454545454545453,0.0008049281390667969,22,28
#,#,0.0,0.0,#,#,#,0.0,1.0,0.0,#,0.0,0.8686157861214838,0.9722222222222222,2,78.77351320930677,4976,3988,0.45454545454545453,0.0019372204853153724,35,36
1.0,#,#,#,#,#,#,#,#,0.0,#,0.0,0.083084095520768,0.608,1,74.77604620079512,4954,3994,0.18181818181818182,0.0009194568238068294,152,250
0.0,#,1.0,0.0,1.0,1.0,#,#,#,1.0,#,1.0,0.2994492622121735,0.7857142857142857,1,55.857906892799996,4815,4005,0.5454545454545454,0.00068683671129439,11,14
0.0,#,0.0,1.0,1.0,1.0,#,#,#,#,#,1.0,1.0,1.0,5,83.6284979402046,4980,4018,0.45454545454545453,0.005141539102599601,30,30
#,1.0,0.0,#,#,#,#,0.0,#,1.0,#,1.0,0.2581086210919234,0.7627118644067796,1,63.43148351796584,4983,4022,0.36363636363636365,0.0007799624790025867,45,59
1.0,#,#,#,#,0.0,1.0,0.0,0.0,#,#,0.0,0.2373046875,0.75,1,71.72658952508442,4960,4025,0.45454545454545453,0.0008819602738841928,24,32
1.0,#,1.0,#,#,0.0,1.0,0.0,0.0,1.0,0.0,0.0,1.0,1.0,1,80.25,4960,4040,0.7272727272727273,0.0009867653327425255,4,4
0.0,0.0,#,0.0,1.0,#,0.0,#,#,1.0,#,1.0,0.1134276198236865,0.6470588235294118,1,51.3774780669952,4949,4049,0.5454545454545454,0.0006317447257352066,11,17
#,#,1.0,0.0,1.0,#,1.0,#,#,#,#,1.0,0.2503403425672665,0.7580645161290323,2,80.39837780298765,4975,4062,0.36363636363636365,0.001977179614323349,47,62
#,1.0,0.0,#,#,0.0,1.0,#,#,#,#,0.0,0.21720617794361205,0.7368421052631579,1,64.24609557638944,4944,4064,0.36363636363636365,0.0007899790639108289,42,57
#,1.0,#,#,#,1.0,1.0,#,#,#,#,1.0,0.27052290701991805,0.7699115044247787,1,68.82178940613365,4966,4066,0.2727272727272727,0.0008462424414115824,87,113
1.0,#,#,#,#,0.0,1.0,#,#,0.0,#,0.0,0.08988803537961923,0.6176470588235294,1,79.30744532870446,4879,4067,0.36363636363636365,0.0009751755473986132,42,68
#,#,1.0,1.0,0.0,0.0,1.0,#,#,0.0,#,1.0,0.040386107340619246,0.5263157894736842,1,57.66569314703769,4869,4067,0.5454545454545454,0.0007090655063684114,10,19
1.0,#,#,#,#,0.0,#,#,#,0.0,#,0.0,0.07042962777237427,0.5882352941176471,1,78.15380768406888,4935,4068,0.2727272727272727,0.0009609902560058015,70,119
#,0.0,1.0,#,#,#,#,#,1.0,#,1.0,1.0,0.25231930775284844,0.7592592592592593,1,67.4195222507021,4961,4083,0.36363636363636365,0.0008289999664430675,41,54
1.0,#,1.0,#,1.0,#,#,#,1.0,#,#,1.0,0.2967898717650668,0.7843137254901961,2,65.14400016741158,4966,4083,0.36363636363636365,0.001652109539193465,40,51
1.0,#,1.0,#,#,0.0,1.0,#,0.0,1.0,0.0,0.0,1.0,1.0,1,76.0336,4998,4094,0.6363636363636364,0.0009688375588467174,8,8
1.0,#,1.0,#,#,0.0,1.0,#,0.0,#,0.0,0.0,1.0,1.0,1,79.222895546368,4998,4094,0.5454545454545454,0.0010178575943767185,16,16
#,#,1.0,1.0,#,0.0,#,#,0.0,0.0,1.0,1.0,0.03125,0.5,1,67.396870656,4790,4097,0.5454545454545454,0.000828721439235798,7,14
#,1.0,#,1.0,#,#,#,#,#,0.0,0.0,0.0,0.14458830143346377,0.6792452830188679,1,68.33028667209538,4993,4102,0.36363636363636365,0.0008401988543848269,36,53
0.0,#,0.0,1.0,#,#,#,#,#,1.0,#,1.0,0.2373046875,0.75,1,75.3036784285319,4980,4104,0.36363636363636365,0.0009259446641902357,39,52
0.0,0.0,#,#,0.0,#,#,1.0,0.0,#,#,0.0,0.15359020233154297,0.6875,1,71.61652258604727,4843,4110,0.45454545454545453,0.0008806068752583617,22,32
#,0.0,1.0,#,#,#,#,#,1.0,0.0,1.0,1.0,0.2994492622121735,0.7857142857142857,1,66.91504456463493,4961,4113,0.45454545454545453,0.000822796837573868,22,28
0.0,#,1.0,#,#,0.0,0.0,#,#,#,#,0.0,0.2630755761638284,0.765625,1,68.92848088187638,4984,4119,0.36363636363636365,0.0008475543348640692,49,64
0.0,#,0.0,1.0,#,1.0,1.0,1.0,#,#,#,1.0,1.0,1.0,1,84.220658176,4953,4120,0.5454545454545454,0.00103558910640293,13,13
#,1.0,#,#,#,0.0,#,#,#,0.0,#,0.0,0.18136997980202818,0.7107438016528925,2,73.70155092873583,4976,4126,0.2727272727272727,0.001812489356407083,86,121
#,0.0,#,0.0,#,#,#,#,0.0,#,1.0,0.0,0.11524825065124636,0.6491228070175439,1,66.26478214563633,4915,4132,0.36363636363636365,0.000814801119041119,37,57
#,#,#,#,#,#,0.0,#,#,#,#,0.0,0.06591215356422742,0.5804878048780487,1,65.18258100698564,4994,4136,0.09090909090909091,0.0008014942210140164,238,410
#,#,0.0,#,#,0.0,#,#,#,0.0,#,0.0,0.2373046875,0.75,1,79.53427359777437,4976,4143,0.2727272727272727,0.0009779646598273258,72,96
#,0.0,0.0,0.0,#,0.0,#,#,#,#,#,0.0,0.3276800000000001,0.8,1,78.07957054148731,4971,4154,0.36363636363636365,0.0009600774256169997,36,45
#,#,1.0,#,1.0,#,1.0,#,1.0,1.0,0.0,1.0,0.13168724279835387,0.6666666666666666,1,60.56139008,4825,4180,0.5454545454545454,0.0007556192436195684,8,12
#,#,0.0,#,#,0.0,#,#,#,#,#,0.0,0.08768067671438307,0.6145833333333334,1,64.95229435415597,4989,4183,0.18181818181818182,0.0007986625838102078,118,192
1.0,1.0,#,#,1.0,#,1.0,#,#,#,1.0,1.0,0.22059995870325735,0.7391304347826086,1,80.06189872139181,4966,4188,0.45454545454545453,0.0009844524128574774,17,23
0.0,1.0,#,0.0,0.0,1.0,#,#,0.0,#,#,1.0,0.2373046875,0.75,1,71.1088,4673,4218,0.5454545454545454,0.0008743638466407688,6,8
1.0,1.0,#,1.0,#,#,0.0,1.0,#,#,1.0,1.0,0.13168724279835387,0.6666666666666666,1,57.924030115840004,4974,4220,0.5454545454545454,0.0007122420542186284,10,15
#,#,1.0,#,#,#,#,#,0.0,#,#,0.0,0.10233742791392934,0.6338797814207651,1,71.28028717455302,4998,4221,0.18181818181818182,0.0008957783016530802,116,183
#,#,0.0,#,#,0.0,#,#,1.0,0.0,#,0.0,0.29209816617096457,0.7818181818181819,1,79.65049326472453,4976,4236,0.36363636363636365,0.000979393713264451,43,55
#,1.0,1.0,#,#,#,0.0,#,#,#,0.0,0.0,1.0,1.0,10,60.44336837059721,4993,4250,0.36363636363636365,0.007432201931749707,43,43
#,0.0,1.0,#,#,#,#,#,#,#,#,0.0,0.044042800868942585,0.5355191256830601,1,68.0415728153883,4994,4251,0.18181818181818182,0.011261117386506363,98,183
1.0,0.0,0.0,#,#,1.0,#,1.0,#,#,1.0,0.0,0.0,0.0,1,86.79798887219201,4255,4255,0.5454545454545454,0.00106728032860873,0,16
#,1.0,1.0,#,#,#,1.0,#,1.0,#,#,1.0,0.3276800000000001,0.8,1,71.62926874536831,4975,4257,0.36363636363636365,0.00088076360383336,48,60
#,0.0,0.0,#,#,#,#,1.0,#,#,#,1.0,0.19724564886917628,0.7227722772277227,2,73.99302113133258,4959,4273,0.2727272727272727,0.0018196572739510061,73,101
0.0,1.0,1.0,#,#,#,0.0,#,1.0,#,#,0.0,1.0,1.0,2,63.572562157594845,4898,4276,0.45454545454545453,0.0015633944037566096,29,29
1.0,#,0.0,#,#,#,#,#,0.0,0.0,1.0,0.0,0.11798236980223087,0.6521739130434783,1,69.7898731633522,4903,4281,0.45454545454545453,0.0008581461360011699,15,23
#,#,0.0,#,#,0.0,1.0,#,#,0.0,#,0.0,0.2935778904262872,0.782608695652174,1,76.26430793502496,4944,4287,0.36363636363636365,0.0009377567002602285,36,46
1.0,0.0,#,#,#,#,#,0.0,0.0,#,#,0.0,1.0,1.0,4,70.63393885640355,4960,4290,0.36363636363636365,0.00347409954784071,44,44
#,0.0,#,#,1.0,#,#,#,1.0,#,#,1.0,0.21635505760422732,0.7362637362637363,1,67.3656755223547,4965,4292,0.2727272727272727,0.000860202311977828,67,91
#,0.0,#,#,#,#,#,1.0,1.0,#,#,1.0,0.1882412826591052,0.7160493827160493,1,74.94808246908994,4997,4333,0.2727272727272727,0.000921572206056396,58,81
0.0,#,#,1.0,#,1.0,1.0,1.0,#,#,#,1.0,0.4234790289079717,0.8421052631578947,3,82.00297763127297,4953,4335,0.45454545454545453,0.0030249605797458296,16,19
#,0.0,0.0,#,#,#,#,0.0,#,#,#,0.0,0.2535525376,0.76,2,62.264230869925335,4989,4341,0.2727272727272727,0.0015312195512104498,57,75
#,0.0,1.0,#,0.0,#,#,#,1.0,#,1.0,1.0,0.023078380428451596,0.47058823529411764,1,62.626486267904,4936,4346,0.45454545454545453,0.0007700641191357444,8,17
1.0,#,1.0,#,#,0.0,#,#,0.0,#,#,0.0,0.21208362139917689,0.7333333333333333,2,71.99402058037623,4998,4351,0.36363636363636365,0.0018134970201811322,33,45
0.0,1.0,0.0,#,#,#,0.0,#,#,1.0,#,0.0,0.040386107340619246,0.5263157894736842,1,77.33954029453312,4861,4370,0.45454545454545453,0.0009509779091948777,10,19
1.0,#,0.0,#,#,#,#,0.0,#,#,#,0.0,0.21817758148193367,0.7375,3,60.6510039982582,4989,4377,0.2727272727272727,0.0022373199305237195,59,80
0.0,#,0.0,0.0,0.0,#,#,#,0.0,#,#,0.0,0.34765472254481466,0.8095238095238095,1,76.57752400445702,4971,4386,0.45454545454545453,0.0009416080492817042,17,21
0.0,0.0,1.0,#,1.0,0.0,#,#,#,#,#,0.0,0.0,0.0,1,68.84813074956288,4388,4388,0.45454545454545453,0.0008465663382902595,0,18
#,1.0,1.0,#,#,#,1.0,#,#,#,#,1.0,0.296368534706749,0.7840909090909091,2,69.91356807533359,4975,4402,0.2727272727272727,0.001749543175682895,69,88
#,0.0,1.0,#,0.0,#,1.0,#,#,#,#,0.0,0.39052583328375096,0.8285714285714286,1,72.4116173243664,4960,4408,0.36363636363636365,0.0008903834724424029,29,35
#,1.0,1.0,#,0.0,0.0,#,#,1.0,#,#,1.0,0.06092699470458736,0.5714285714285714,1,64.50131685461447,4974,4415,0.45454545454545453,0.0007931173007897161,16,28
#,1.0,#,#,1.0,#,0.0,#,#,0.0,0.0,0.0,0.534824985896467,0.8823529411764706,1,71.0987514404864,4993,4419,0.45454545454545453,0.0008742402881339523,15,17
1.0,#,1.0,#,#,#,0.0,#,#,#,1.0,1.0,0.191817969083786,0.71875,2,64.12885737653609,4974,4424,0.36363636363636365,0.0015770749728985817,23,32
0.0,0.0,#,#,1.0,#,#,#,#,#,1.0,1.0,0.26150027784488145,0.7647058823529411,1,59.85931434406776,4961,4428,0.36363636363636365,0.0007360385823858374,26,34
#,0.0,#,#,#,#,#,0.0,0.0,#,#,0.0,0.18313426592522022,0.7121212121212122,1,67.47357255843133,4971,4430,0.2727272727272727,0.000829664576659781,47,66
0.0,#,1.0,1.0,#,#,1.0,#,#,#,#,1.0,0.28962137296388657,0.7804878048780488,1,70.67904873970357,4937,4461,0.36363636363636365,0.0008690795644555611,32,41
#,0.0,1.0,#,0.0,#,#,#,#,1.0,#,0.0,0.3411077401491926,0.8064516129032258,1,74.63117433692385,4994,4464,0.36363636363636365,0.0009176754589101569,25,31
0.0,1.0,1.0,#,#,#,0.0,#,#,#,#,0.0,1.0,1.0,4,60.80164537928437,4993,4472,0.36363636363636365,0.002990502471475767,35,35
#,#,1.0,#,1.0,#,#,#,1.0,#,#,1.0,0.2314600316517187,0.746268656716418,1,70.16941001568846,4975,4477,0.2727272727272727,0.0009032962060625036,50,67
1.0,#,1.0,#,0.0,#,0.0,#,#,0.0,1.0,1.0,0.3666478320532007,0.8181818181818182,1,64.53296639999999,4936,4494,0.5454545454545454,0.0007935064680692612,9,11
#,#,#,#,#,0.0,1.0,#,#,1.0,1.0,1.0,0.2373046875,0.75,1,67.55856617369216,4975,4496,0.36363636363636365,0.0008307096701556544,33,44
1.0,0.0,#,0.0,#,1.0,0.0,1.0,0.0,#,#,1.0,0.2373046875,0.75,1,59.0,4839,4497,0.6363636363636364,0.0007254723318605484,3,4
#,0.0,1.0,#,0.0,#,1.0,#,#,1.0,#,0.0,0.2693290743429045,0.7692307692307693,1,79.18389504,4960,4500,0.45454545454545453,0.0009736563556011815,10,13
0.0,0.0,1.0,#,0.0,#,#,#,#,#,#,1.0,0.0,0.0,1,65.07615337805485,4516,4516,0.36363636363636365,0.046852361004337456,0,22
#,0.0,1.0,0.0,0.0,#,1.0,#,#,#,1.0,1.0,1.6935087808430282e-05,0.1111111111111111,1,77.17696,4746,4516,0.5454545454545454,0.0009489787989340383,1,9
0.0,#,0.0,#,#,1.0,#,#,#,#,#,1.0,0.12124135504590608,0.6557377049180327,1,73.77676836701244,4980,4519,0.2727272727272727,0.0009071695624466449,40,61
0.0,#,0.0,1.0,1.0,#,#,#,#,#,#,1.0,0.13168724279835387,0.6666666666666666,1,80.5288638664503,4980,4524,0.36363636363636365,0.000990194282224989,20,30
1.0,#,1.0,#,#,#,1.0,#,0.0,0.0,0.0,0.0,1.0,1.0,2,70.52000000000001,4810,4525,0.5454545454545454,0.00173424775738325,6,6
1.0,0.0,#,#,#,1.0,0.0,0.0,1.0,1.0,#,1.0,0.03125,0.5,1,45.5,4965,4529,0.6363636363636364,0.0005594744254178805,1,2
0.0,#,#,#,#,1.0,#,#,#,#,#,1.0,0.11298385033754997,0.646551724137931,1,67.56636567425994,4980,4542,0.18181818181818182,0.0008308055739160656,75,116
1.0,#,0.0,0.0,#,#,#,1.0,#,1.0,#,0.0,0.0,0.0,1,70.37344,4552,4552,0.45454545454545453,0.0008653217562347185,0,9
1.0,0.0,#,#,#,0.0,#,0.0,0.0,#,#,0.0,1.0,1.0,1,77.35706880000001,4960,4554,0.45454545454545453,0.0009511934421734386,11,11
0.0,1.0,#,#,0.0,#,0.0,1.0,#,#,#,0.0,0.3276800000000001,0.8,1,71.91632490496,4924,4559,0.45454545454545453,0.0008842932869091892,12,15
0.0,#,#,#,0.0,#,#,#,#,#,#,0.0,0.1150826641115845,0.648936170212766,1,65.69783868044651,4984,4566,0.18181818181818182,0.0008078299021305366,61,94
1.0,0.0,#,0.0,#,#,#,0.0,#,#,#,0.0,0.34765472254481466,0.8095238095238095,1,73.92528986204799,4960,4590,0.36363636363636365,0.0009089958037235069,17,21
#,0.0,0.0,#,#,#,#,0.0,0.0,#,#,0.0,0.3109652044351208,0.7916666666666666,1,67.8370208070268,4971,4590,0.36363636363636365,0.0008341335876499368,19,24
0.0,1.0,#,#,#,0.0,#,#,#,1.0,#,0.0,0.07775999999999998,0.6,1,71.431537496872,4905,4593,0.36363636363636365,0.0008783322724786427,15,25
#,1.0,0.0,#,#,0.0,0.0,#,#,#,#,0.0,0.2373046875,0.75,1,76.27277280131929,4976,4593,0.36363636363636365,0.0009378607854515749,18,24
#,#,1.0,#,1.0,#,1.0,#,1.0,#,#,1.0,0.4514351841417832,0.8529411764705882,1,74.20959520699746,4975,4613,0.36363636363636365,0.0009653945656363891,29,34
1.0,#,1.0,#,#,#,1.0,#,0.0,#,0.0,0.0,1.0,1.0,1,75.2912,4998,4620,0.45454545454545453,0.0009574267397964363,8,8
0.0,0.0,#,#,1.0,#,0.0,1.0,#,#,#,1.0,0.07775999999999998,0.6,1,55.43936,4737,4622,0.45454545454545453,0.0006816901995941765,6,10
1.0,0.0,1.0,#,#,#,#,1.0,1.0,#,1.0,0.0,0.0,0.0,1,79.72,4634,4634,0.5454545454545454,0.0009802483778969986,0,8
1.0,#,#,1.0,#,#,#,#,1.0,#,#,1.0,0.07307706433667734,0.5925925925925926,1,58.048024008888724,4997,4634,0.2727272727272727,0.0007169883634410031,32,54
1.0,#,1.0,#,#,#,#,#,1.0,0.0,#,1.0,0.401877572016461,0.8333333333333334,2,70.73003266712786,4966,4637,0.36363636363636365,0.001739412940054034,20,24
#,0.0,#,1.0,#,#,#,#,1.0,#,#,1.0,0.10979242280002384,0.6428571428571429,1,60.999989270207976,4997,4645,0.2727272727272727,0.0007623605905956771,27,42
1.0,1.0,0.0,1.0,#,0.0,#,#,#,#,#,0.0,0.007415771484375,0.375,1,67.5216,4935,4648,0.45454545454545453,0.0008302551288636475,3,8
1.0,0.0,0.0,#,#,#,#,0.0,#,#,0.0,1.0,0.0,0.0,1,61.31608831999999,4649,4649,0.45454545454545453,0.0007539512809165717,0,12
#,1.0,0.0,#,1.0,1.0,#,#,#,0.0,#,1.0,0.18593443208187066,0.7142857142857143,1,66.952,4899,4651,0.45454545454545453,0.0008232512468258887,5,7
1.0,0.0,#,1.0,#,#,#,#,1.0,#,#,1.0,0.10737418240000002,0.64,1,61.8275404698813,4997,4667,0.36363636363636365,0.0007750801986160373,16,25
#,1.0,#,#,#,1.0,#,#,#,#,1.0,1.0,0.1463054829007025,0.6808510638297872,1,71.32421059831489,4966,4673,0.2727272727272727,0.0008770125657774973,32,47
#,#,1.0,#,0.0,#,0.0,#,#,0.0,1.0,1.0,0.010240000000000003,0.4,1,65.52934400000001,4936,4682,0.45454545454545453,0.0008057580677452888,4,10
#,#,1.0,1.0,0.0,1.0,0.0,0.0,1.0,#,#,0.0,1.0,1.0,1,61.5,4898,4684,0.6363636363636364,0.0007562126849054868,2,2
0.0,#,0.0,1.0,#,#,1.0,#,#,1.0,#,1.0,0.13168724279835387,0.6666666666666666,1,79.17696,4934,4688,0.45454545454545453,0.0009735710813699891,6,9
1.0,#,#,0.0,#,1.0,#,#,1.0,#,1.0,1.0,0.3666478320532007,0.8181818181818182,1,74.0131584,4936,4689,0.45454545454545453,0.0009100762476747818,9,11
#,1.0,1.0,#,#,#,#,#,#,0.0,#,1.0,0.06327006860516261,0.5757575757575758,1,64.35428997679313,4966,4689,0.2727272727272727,0.0007913094375371868,19,33
0.0,1.0,#,#,#,#,0.0,#,#,#,#,0.0,0.427630752325058,0.84375,1,69.8699578411586,4993,4691,0.2727272727272727,0.0008591308685088734,27,32
0.0,0.0,#,#,1.0,#,#,0.0,#,#,#,1.0,0.4234790289079717,0.8421052631578947,1,65.93112281785959,4961,4692,0.36363636363636365,0.0008106983968280813,16,19
1.0,0.0,0.0,1.0,#,#,#,#,1.0,#,#,1.0,0.016028404235839844,0.4375,1,73.75697385062401,4923,4697,0.45454545454545453,0.0009069261662777913,7,16
#,1.0,#,#,#,1.0,#,#,#,1.0,1.0,1.0,0.5904900000000001,0.9,1,78.43779968383058,4937,4698,0.36363636363636365,0.0009644822617396466,18,20
0.0,#,#,#,#,1.0,1.0,#,#,0.0,#,1.0,0.2373046875,0.75,1,74.60054477970473,4953,4699,0.36363636363636365,0.0009172988335491466,15,20
#,0.0,#,1.0,1.0,0.0,0.0,0.0,0.0,#,#,0.0,1.0,1.0,1,65.0,4702,4702,0.6363636363636364,0.0007992491791684007,1,1
#,0.0,1.0,#,0.0,#,#,#,0.0,1.0,#,1.0,0.0,0.0,1,84.103188992,4715,4715,0.45454545454545453,0.0010341446887277058,0,13
0.0,1.0,#,#,#,0.0,#,#,0.0,1.0,#,0.0,0.03125,0.5,1,69.0192,4905,4725,0.45454545454545453,0.0008486698299516874,4,8
0.0,#,1.0,#,#,1.0,1.0,#,#,#,#,1.0,0.3276800000000001,0.8,1,76.528064,4937,4734,0.36363636363636365,0.000940999882082259,8,10
1.0,1.0,#,#,#,#,#,#,#,1.0,1.0,0.0,0.0,0.0,1,68.30533932040193,4736,4736,0.36363636363636365,0.0008398920982253896,0,18
#,1.0,1.0,#,#,1.0,#,#,#,#,1.0,1.0,0.13168724279835387,0.6666666666666666,1,70.8476029952,4966,4745,0.36363636363636365,0.0008711521313840358,10,15
0.0,#,0.0,#,#,1.0,1.0,#,#,0.0,#,1.0,0.095367431640625,0.625,1,74.1008,4953,4748,0.45454545454545453,0.0009111539011649513,5,8
#,#,1.0,#,0.0,#,#,#,#,#,0.0,0.0,0.1800134415442498,0.7096774193548387,1,70.30776958429009,4998,4756,0.2727272727272727,0.0008808305346195325,22,31
1.0,1.0,#,#,#,#,1.0,#,0.0,#,#,0.0,0.00019869482337892967,0.18181818181818182,1,67.05926400000001,4998,4757,0.36363636363636365,0.000830900430354767,2,11
#,1.0,#,#,#,#,1.0,#,1.0,1.0,1.0,1.0,1.0,1.0,1,80.16063488,4975,4762,0.45454545454545453,0.0009856664866070442,12,12
0.0,#,#,#,1.0,#,1.0,#,#,#,0.0,1.0,0.056313514709472656,0.5625,1,75.719337586688,4962,4766,0.36363636363636365,0.0009310556678974679,9,16
0.0,#,0.0,1.0,#,1.0,0.0,#,#,1.0,#,1.0,1.0,1.0,1,66.0,4980,4767,0.5454545454545454,0.0008115453203863761,4,4
#,0.0,#,#,1.0,#,#,0.0,#,#,#,1.0,0.05507317760000002,0.56,1,59.20745595834998,4965,4770,0.2727272727272727,0.009226876347228708,14,25
#,0.0,#,1.0,0.0,0.0,#,#,#,#,0.0,0.0,0.18593443208187066,0.7142857142857143,1,69.288,4958,4778,0.45454545454545453,0.0008519750327110792,5,7
#,#,#,#,#,#,0.0,#,#,#,0.0,0.0,0.13168724279835387,0.6666666666666666,1,65.67883678348771,4993,4781,0.18181818181818182,0.0008075962521221218,32,48
#,1.0,1.0,#,#,#,#,#,#,#,0.0,1.0,0.0004135537391679411,0.21052631578947367,1,58.8824685116457,4907,4782,0.2727272727272727,0.0007052216403106311,4,19
#,0.0,0.0,1.0,#,#,#,1.0,#,#,#,0.0,0.0,0.0,1,94.364736,4788,4788,0.36363636363636365,0.0011603221198529666,0,10
0.0,0.0,1.0,#,1.0,#,1.0,#,#,#,#,0.0,0.0,0.0,1,78.4,4790,4790,0.45454545454545453,0.0009640174714892711,0,5
0.0,0.0,#,0.0,#,0.0,#,#,#,#,#,0.0,0.620921323059155,0.9090909090909091,1,73.8087808,4984,4796,0.36363636363636365,0.0009075631918433909,10,11
#,1.0,#,0.0,#,#,0.0,#,#,#,#,0.0,0.09091180653955425,0.6190476190476191,1,68.68676624221995,4976,4805,0.2727272727272727,0.0008445821775204017,13,21
1.0,#,#,1.0,1.0,#,1.0,#,0.0,0.0,0.0,1.0,0.057342497210329635,0.8947368421052632,1,69.7807505210409,4810,4810,0.6363636363636364,0.0008580339627030291,0,0
1.0,#,1.0,#,1.0,1.0,#,#,0.0,#,1.0,1.0,0.0,0.0,1,47.0,4811,4811,0.5454545454545454,0.0005779186372448436,0,1
#,1.0,1.0,#,#,#,0.0,#,#,0.0,1.0,1.0,0.03125,0.5,1,52.480000000000004,4930,4811,0.45454545454545453,0.0006453014911193488,3,6
#,1.0,1.0,#,#,#,#,0.0,#,#,0.0,0.0,0.5549289573066435,0.8888888888888888,1,53.55552,4970,4814,0.36363636363636365,0.0006585262369221057,8,9
#,#,#,#,#,#,#,1.0,#,#,1.0,1.0,0.08825375108068294,0.6153846153846154,1,75.12353016355428,4975,4818,0.18181818181818182,0.0009237295356838977,24,39
1.0,1.0,0.0,#,#,#,#,#,#,#,#,1.0,0.06092699470458736,0.5714285714285714,1,63.460278104590905,4983,4822,0.2727272727272727,0.0007803165413060417,12,21
1.0,#,0.0,#,0.0,#,#,#,#,1.0,#,1.0,0.620921323059155,0.9090909090909091,2,60.9402496,4983,4845,0.36363636363636365,0.0014986598298805372,10,11
#,1.0,0.0,#,#,0.0,#,#,#,1.0,#,1.0,0.13168724279835387,0.6666666666666666,1,61.51679232,4983,4845,0.36363636363636365,0.0007564191656435843,8,12
#,1.0,0.0,0.0,#,#,#,#,#,0.0,#,0.0,1.0,1.0,1,81.716288,4976,4851,0.36363636363636365,0.0010047950170567483,10,10
#,0.0,0.0,1.0,1.0,#,#,1.0,#,#,#,0.0,0.0,0.0,1,98.0,4860,4860,0.45454545454545453,0.0012050218393615888,0,5
0.0,1.0,#,0.0,0.0,#,0.0,#,#,#,#,0.0,1.0,1.0,1,83.0,4924,4861,0.45454545454545453,0.0010205797210919578,2,2
1.0,0.0,#,#,#,#,#,#,1.0,0.0,#,1.0,0.20346349914002398,0.7272727272727273,1,75.47511039999999,4959,4862,0.36363636363636365,0.0009280526159206833,8,11
0.0,0.0,0.0,0.0,#,#,#,#,#,#,#,1.0,0.0,0.0,2,66.00800000000001,4866,4866,0.36363636363636365,0.00162328737903224,0,7
0.0,1.0,#,#,#,0.0,#,#,#,0.0,#,0.0,0.512908935546875,0.875,1,74.3232,4976,4876,0.36363636363636365,0.000913888562971829,7,8
1.0,#,1.0,#,#,0.0,#,#,#,#,1.0,1.0,0.13168724279835387,0.6666666666666666,1,72.80569344,4974,4880,0.36363636363636365,0.0008952290880108649,8,12
0.0,1.0,#,0.0,#,1.0,#,#,#,1.0,#,1.0,1.0,1.0,1,75.0,4962,4881,0.45454545454545453,0.0009222105913481547,1,1
1.0,0.0,1.0,#,#,#,#,#,#,#,1.0,1.0,0.010240000000000003,0.4,1,73.06828800000001,4936,4892,0.36363636363636365,0.0008984579878036971,4,10
#,#,1.0,1.0,0.0,1.0,0.0,0.0,1.0,0.0,#,0.0,0.1,1.0,1,61.5,4898,4898,0.7272727272727273,0.0007562126849054868,0,0
0.0,1.0,#,#,1.0,1.0,#,1.0,#,#,#,1.0,0.13168724279835387,0.6666666666666666,1,72.0,4980,4899,0.45454545454545453,0.0008853221676942285,2,3
#,#,1.0,#,1.0,#,1.0,#,#,0.0,#,1.0,0.401877572016461,0.8333333333333334,1,78.44,4966,4901,0.36363636363636365,0.00096450931713799,5,6
0.0,#,0.0,0.0,0.0,0.0,#,#,#,#,#,1.0,0.0,0.0,1,82.66666666666667,4905,4905,0.45454545454545453,0.0010164810073526327,0,3
0.0,#,0.0,0.0,#,0.0,#,#,0.0,#,#,1.0,0.0,0.0,1,80.5,4905,4905,0.45454545454545453,0.0009898393680470192,0,2
0.0,1.0,#,#,0.0,#,1.0,#,#,#,#,1.0,1.0,1.0,1,69.8,4934,4907,0.36363636363636365,0.0008582706570146826,5,5
#,1.0,1.0,#,#,#,#,#,#,#,0.0,0.0,0.3276800000000001,0.8,1,58.906688,4998,4911,0.2727272727272727,0.0007055938981219206,8,10
#,0.0,1.0,#,#,#,#,#,0.0,#,#,0.0,0.2373046875,0.75,1,75.62597631999999,4994,4915,0.2727272727272727,0.0009299076845779832,9,12
1.0,1.0,#,0.0,#,#,#,#,#,0.0,#,0.0,0.1,1.0,1,79.024,4919,4919,0.36363636363636365,0.0009716902636092877,0,0
#,1.0,0.0,#,#,#,#,#,#,0.0,0.0,0.0,1.0,1.0,1,77.2,4944,4919,0.36363636363636365,0.0009492621020277006,5,5
0.0,#,#,1.0,0.0,#,1.0,#,#,#,#,1.0,0.004115226337448558,0.3333333333333333,1,63.666666666666664,4934,4920,0.36363636363636365,0.0007828543242111002,1,3
0.0,#,0.0,#,#,1.0,1.0,1.0,#,0.0,#,1.0,1.0,1.0,1,97.0,4953,4920,0.5454545454545454,0.0011927256981436134,1,1
#,0.0,#,1.0,1.0,#,#,#,#,#,1.0,1.0,0.010240000000000003,0.4,1,63.6,4922,4922,0.36363636363636365,0.0007820345814632352,2,5
0.0,0.0,0.0,#,1.0,#,#,#,#,#,#,1.0,0.004115226337448558,0.3333333333333333,1,72.0,4953,4926,0.36363636363636365,0.0008853221676942285,1,3
1.0,#,1.0,#,#,#,#,0.0,1.0,#,#,1.0,0.06092699470458736,0.5714285714285714,1,50.504000000000005,4965,4930,0.36363636363636365,0.0006010353827346374,4,7
1.0,#,1.0,#,1.0,#,#,#,1.0,0.0,#,1.0,0.13168724279835387,0.6666666666666666,1,76.66666666666667,4966,4930,0.45454545454545453,0.0009427041600447804,2,3
1.0,0.0,1.0,#,#,#,#,#,#,#,#,1.0,0.014458261438686257,0.42857142857142855,1,69.70918266880001,4997,4936,0.2727272727272727,0.0008962224305003604,6,14
1.0,0.0,#,1.0,1.0,0.0,#,#,0.0,1.0,#,0.0,0.03806190985935516,0.8243243243243243,1,65.02302479334845,4940,4940,0.6363636363636364,0.000799532295278928,0,0
1.0,1.0,#,#,#,#,#,0.0,#,1.0,#,1.0,0.13168724279835387,0.6666666666666666,1,58.90208,4983,4941,0.36363636363636365,0.0007242682937124842,6,9
1.0,#,0.0,#,0.0,0.0,#,#,#,1.0,1.0,0.0,0.0,0.0,1,64.33333333333333,4941,4941,0.5454545454545454,0.0007910517516897503,0,3
0.0,#,#,1.0,#,1.0,#,#,#,1.0,#,1.0,0.13168724279835387,0.6666666666666666,1,66.0,4980,4942,0.36363636363636365,0.0008115453203863761,2,3
0.0,1.0,0.0,#,1.0,#,#,#,#,0.0,0.0,0.0,0.1,1.0,1,75.6,4944,4944,0.5454545454545454,0.0009295882760789398,0,0
1.0,0.0,#,#,#,#,#,0.0,#,#,#,0.0,0.13168724279835387,0.6666666666666666,1,60.564800000000005,4989,4954,0.2727272727272727,0.0007556716546918959,6,9
1.0,#,#,#,#,#,#,1.0,#,#,#,0.0,0.03125,0.5,1,75.02239999999999,4998,4959,0.18181818181818182,0.0009532952363471964,4,8
1.0,#,#,#,#,0.0,#,#,0.0,#,0.0,0.0,0.2373046875,0.75,1,64.75,4998,4960,0.36363636363636365,0.0007951504654290756,3,4
0.0,0.0,1.0,#,#,1.0,0.0,0.0,1.0,#,#,1.0,0.1,1.0,1,70.00856090772754,4961,4961,0.6363636363636364,0.0008608351513886496,0,0
#,0.0,#,#,1.0,#,#,#,#,#,#,0.0,0.03125,0.5,1,63.150400000000005,4989,4961,0.18181818181818182,0.0007954127831083924,4,8
1.0,#,1.0,1.0,1.0,#,#,#,1.0,#,#,1.0,0.13168724279835387,0.6666666666666666,1,60.333333333333336,4966,4965,0.45454545454545453,0.0007623607555144746,2,3
1.0,#,1.0,1.0,1.0,#,#,#,#,#,1.0,1.0,0.0,0.0,1,65.0,4966,4966,0.45454545454545453,0.0007992491791684007,0,1
1.0,1.0,1.0,#,#,#,#,#,1.0,#,#,1.0,0.004115226337448558,0.3333333333333333,1,53.666666666666664,4974,4966,0.36363636363636365,0.0006598929120313462,1,3
#,1.0,1.0,#,#,#,1.0,#,#,#,1.0,0.0,0.055169511438541624,0.8878504672897196,1,81.64380407957624,4975,4975,0.36363636363636365,0.0010039037445351852,0,0
#,#,0.0,1.0,#,1.0,#,#,#,1.0,#,0.0,0.1,1.0,1,83.6284979402046,4980,4980,0.36363636363636365,0.0010283078205199202,0,0
#,1.0,0.0,#,0.0,#,#,0.0,#,1.0,#,1.0,1.0,1.0,1,62.0,4983,4983,0.45454545454545453,0.0007623607555144746,3,3
0.0,0.0,1.0,#,0.0,#,#,1.0,#,#,#,1.0,0.1,1.0,1,69.56405467758661,4984,4984,0.45454545454545453,0.0008553694400105669,0,0
1.0,0.0,0.0,#,#,#,#,#,1.0,#,#,0.0,0.026412312823360453,0.7662337662337663,1,59.255867184098044,4989,4989,0.36363636363636365,0.0007286185108892636,0,0
